"posteam","receiver_player_id","short_name","receptions","targets","red_zone_targets","team_targets","display_name","player","target_share","rank"
"SEA","00-0038543","J.Smith-Njigba",17,22,6,50,"Jaxon Smith-Njigba","Jaxon Smith-Njigba",0.44,1
"JAX","00-0038606","P.Washington",12,18,0,49,"Parker Washington","Parker Washington",0.36734693877551,2
"ARI","00-0037744","T.McBride",17,23,6,63,"Trey McBride","Trey McBride",0.365079365079365,3
"MIN","00-0036322","J.Jefferson",11,15,3,42,"Justin Jefferson","Justin Jefferson",0.357142857142857,4
"DET","00-0036963","A.St. Brown",19,27,6,77,"Amon-Ra St. Brown","Amon-Ra St. Brown",0.350649350649351,5
"PHI","00-0036912","D.Smith",13,19,1,56,"DeVonta Smith","DeVonta Smith",0.339285714285714,6
"NYG","00-0037838","I.Likely",13,18,4,61,"Isaiah Likely","Isaiah Likely",0.295081967213115,7
"LA","00-0031381","D.Adams",11,16,1,57,"Davante Adams","Davante Adams",0.280701754385965,8
"ATL","00-0038542","Bi.Robinson",11,14,0,50,"Bijan Robinson","Bijan Robinson",0.28,9
"DAL","00-0036358","C.Lamb",13,17,3,61,"CeeDee Lamb","CeeDee Lamb",0.278688524590164,10
"GB","00-0038124","C.Watson",10,19,3,69,"Christian Watson","Christian Watson",0.27536231884058,11
"NO","00-0037239","C.Olave",18,23,1,84,"Chris Olave","Chris Olave",0.273809523809524,12
"CAR","00-0039491","J.Coker",16,18,5,66,"Jalen Coker","Jalen Coker",0.272727272727273,13
"CAR","00-0040124","T.McMillan",10,18,4,66,"Tetairoa McMillan","Tetairoa McMillan",0.272727272727273,14
"GB","00-0040667","M.Golden",10,18,3,69,"Matthew Golden","Matthew Golden",0.260869565217391,15
"MIA","00-0039880","M.Washington",7,13,0,50,"Malik Washington","Malik Washington",0.26,16
"PIT","00-0035640","D.Metcalf",8,19,0,74,"DK Metcalf","DK Metcalf",0.256756756756757,17
"NYJ","00-0039890","A.Mitchell",9,15,1,59,"Adonai Mitchell","Adonai Mitchell",0.254237288135593,18
"HOU","00-0034383","D.Schultz",16,22,0,87,"Dalton Schultz","Dalton Schultz",0.252873563218391,19
"BUF","00-0038933","D.Kincaid",12,14,1,56,"Dalton Kincaid","Dalton Kincaid",0.25,20
"CHI","00-0032464","K.Raymond",13,14,2,56,"Kalif Raymond","Kalif Raymond",0.25,21
"CIN","00-0036410","T.Higgins",8,16,0,65,"Tee Higgins","Tee Higgins",0.246153846153846,22
"BAL","00-0034753","M.Andrews",10,13,1,53,"Mark Andrews","Mark Andrews",0.245283018867925,23
"TEN","00-0041438","C.Tate",7,11,0,45,"Carnell Tate","Carnell Tate",0.244444444444444,24
"WAS","00-0031588","S.Diggs",9,15,4,63,"Stefon Diggs","Stefon Diggs",0.238095238095238,25
"NYJ","00-0037740","G.Wilson",11,14,1,59,"Garrett Wilson","Garrett Wilson",0.23728813559322,26
"KC","00-0038134","K.Walker",9,16,3,68,"Kenneth Walker III","Kenneth Walker III",0.235294117647059,27
"KC","00-0030506","T.Kelce",12,16,1,68,"Travis Kelce","Travis Kelce",0.235294117647059,28
"DEN","00-0036613","J.Waddle",9,13,1,56,"Jaylen Waddle","Jaylen Waddle",0.232142857142857,29
"DAL","00-0037247","G.Pickens",9,14,1,61,"George Pickens","George Pickens",0.229508196721311,30
"JAX","00-0039893","Bri.Thomas",6,11,0,49,"Brian Thomas Jr.","Brian Thomas Jr.",0.224489795918367,31
"LV","00-0040122","A.Jeanty",10,13,4,58,"Ashton Jeanty","Ashton Jeanty",0.224137931034483,32
"ARI","00-0038559","Mi.Wilson",7,14,0,63,"Michael Wilson","Michael Wilson",0.222222222222222,33
"IND","00-0038997","J.Downs",9,13,2,59,"Josh Downs","Josh Downs",0.220338983050847,34
"MIA","00-0039040","D.Achane",7,11,0,50,"De'Von Achane","De'Von Achane",0.22,35
"SF","00-0033280","C.McCaffrey",9,12,2,55,"Christian McCaffrey","Christian McCaffrey",0.218181818181818,36
"BUF","00-0037261","K.Shakir",7,12,3,56,"Khalil Shakir","Khalil Shakir",0.214285714285714,37
"CHI","00-0040735","L.Burden",8,12,2,56,"Luther Burden III","Luther Burden III",0.214285714285714,38
"MIN","00-0035229","T.Hockenson",7,9,2,42,"T.J. Hockenson","T.J. Hockenson",0.214285714285714,39
"NYG","00-0039337","M.Nabers",7,13,2,61,"Malik Nabers","Malik Nabers",0.213114754098361,40
"CLE","00-0041037","D.Boston",7,11,2,52,"Denzel Boston","Denzel Boston",0.211538461538462,41
"CLE","00-0041547","K.Concepcion",10,11,2,52,"KC Concepcion","KC Concepcion",0.211538461538462,42
"LAC","00-0038544","Q.Johnston",3,11,0,53,"Quentin Johnston","Quentin Johnston",0.207547169811321,43
"WAS","00-0035659","T.McLaurin",4,13,2,63,"Terry McLaurin","Terry McLaurin",0.206349206349206,44
"IND","00-0040128","T.Warren",9,12,3,59,"Tyler Warren","Tyler Warren",0.203389830508475,45
"CIN","00-0036900","J.Chase",9,13,2,65,"Ja'Marr Chase","Ja'Marr Chase",0.2,46
"SF","00-0035719","D.Samuel",9,11,3,55,"Deebo Samuel Sr.","Deebo Samuel Sr.",0.2,47
"MIA","00-0041523","C.Douglas",7,10,1,50,"Caleb Douglas","Caleb Douglas",0.2,48
"DET","00-0039065","S.LaPorta",11,15,4,77,"Sam LaPorta","Sam LaPorta",0.194805194805195,49
"KC","00-0039894","X.Worthy",8,13,4,68,"Xavier Worthy","Xavier Worthy",0.191176470588235,50
"NO","00-0039424","D.Vele",12,16,2,84,"Devaughn Vele","Devaughn Vele",0.19047619047619,51
"LV","00-0039066","M.Mayer",9,11,1,58,"Michael Mayer","Michael Mayer",0.189655172413793,52
"LV","00-0038563","T.Tucker",7,11,1,58,"Tre Tucker","Tre Tucker",0.189655172413793,53
"LAC","00-0039915","L.McConkey",8,10,2,53,"Ladd McConkey","Ladd McConkey",0.188679245283019,54
"BAL","00-0036550","R.Bateman",7,10,1,53,"Rashod Bateman","Rashod Bateman",0.188679245283019,55
"IND","00-0030279","K.Allen",7,11,1,59,"Keenan Allen","Keenan Allen",0.186440677966102,56
"TB","00-0039361","B.Irving",11,11,2,60,"Bucky Irving","Bucky Irving",0.183333333333333,57
"TB","00-0038129","C.Otton",8,11,2,60,"Cade Otton","Cade Otton",0.183333333333333,58
"TB","00-0040129","E.Egbuka",8,11,2,60,"Emeka Egbuka","Emeka Egbuka",0.183333333333333,59
"SF","00-0031408","M.Evans",9,10,2,55,"Mike Evans","Mike Evans",0.181818181818182,60
"ATL","00-0037238","D.London",6,9,0,50,"Drake London","Drake London",0.18,61
"SEA","00-0037545","R.Shaheed",4,9,0,50,"Rashid Shaheed","Rashid Shaheed",0.18,62
"PHI","00-0038393","D.Wicks",7,10,2,56,"Dontayvion Wicks","Dontayvion Wicks",0.178571428571429,63
"LA","00-0040737","T.Ferguson",6,10,1,57,"Terrance Ferguson","Terrance Ferguson",0.175438596491228,64
"ARI","00-0033307","K.Bourne",10,11,1,63,"Kendrick Bourne","Kendrick Bourne",0.174603174603175,65
"NE","00-0038621","D.Douglas",6,9,0,52,"DeMario Douglas","DeMario Douglas",0.173076923076923,66
"CLE","00-0040663","H.Fannin",7,9,0,52,"Harold Fannin Jr.","Harold Fannin Jr.",0.173076923076923,67
"HOU","00-0038618","X.Hutchinson",6,15,1,87,"Xavier Hutchinson","Xavier Hutchinson",0.172413793103448,68
"LAC","00-0040727","T.Harris",4,9,0,53,"Tre Harris","Tre Harris",0.169811320754717,69
"CIN","00-0038597","C.Brown",8,11,1,65,"Chase Brown","Chase Brown",0.169230769230769,70
"DET","00-0039139","J.Gibbs",11,13,2,77,"Jahmyr Gibbs","Jahmyr Gibbs",0.168831168831169,71
"DET","00-0037240","J.Williams",6,13,1,77,"Jameson Williams","Jameson Williams",0.168831168831169,72
"TB","00-0041048","T.Hurst",5,10,2,60,"Ted Hurst III","Ted Hurst III",0.166666666666667,73
"MIN","00-0038994","J.Addison",2,7,1,42,"Jordan Addison","Jordan Addison",0.166666666666667,74
"NYG","00-0041042","M.Fields",4,10,0,61,"Malachi Fields","Malachi Fields",0.163934426229508,75
"DAL","00-0039410","R.Flournoy",7,10,0,61,"Ryan Flournoy","Ryan Flournoy",0.163934426229508,76
"SF","00-0033288","G.Kittle",6,9,3,55,"George Kittle","George Kittle",0.163636363636364,77
"PIT","00-0039739","R.Wilson",8,12,0,74,"Roman Wilson","Roman Wilson",0.162162162162162,78
"DEN","00-0034348","C.Sutton",5,9,2,56,"Courtland Sutton","Courtland Sutton",0.160714285714286,79
"LA","00-0039075","P.Nacua",5,9,1,57,"Puka Nacua","Puka Nacua",0.157894736842105,80
"TEN","00-0040584","G.Helm",6,7,2,45,"Gunnar Helm","Gunnar Helm",0.155555555555556,81
"TEN","00-0038117","W.Robinson",6,7,0,45,"Wan'Dale Robinson","Wan'Dale Robinson",0.155555555555556,82
"NE","00-0033090","H.Henry",6,8,1,52,"Hunter Henry","Hunter Henry",0.153846153846154,83
"NE","00-0036875","R.Stevenson",6,8,0,52,"Rhamondre Stevenson","Rhamondre Stevenson",0.153846153846154,84
"LAC","00-0033885","D.Njoku",6,8,1,53,"David Njoku","David Njoku",0.150943396226415,85
"DAL","00-0036997","J.Williams",8,9,3,61,"Javonte Williams","Javonte Williams",0.147540983606557,86
"BUF","00-0034827","D.Moore",5,8,0,56,"DJ Moore","DJ Moore",0.142857142857143,87
"ATL","00-0037741","J.Dotson",3,7,0,50,"Jahan Dotson","Jahan Dotson",0.14,88
"LV","00-0037291","J.Nailor",4,8,1,58,"Jalen Nailor","Jalen Nailor",0.137931034482759,89
"IND","00-0036223","J.Taylor",7,8,0,59,"Jonathan Taylor","Jonathan Taylor",0.135593220338983,90
"PIT","00-0037228","J.Warren",7,10,2,74,"Jaylen Warren","Jaylen Warren",0.135135135135135,91
"PIT","00-0036894","P.Freiermuth",9,10,2,74,"Pat Freiermuth","Pat Freiermuth",0.135135135135135,92
"NE","00-0033555","M.Hollins",6,7,1,52,"Mack Hollins","Mack Hollins",0.134615384615385,93
"CLE","00-0040784","Q.Judkins",7,7,0,52,"Quinshon Judkins","Quinshon Judkins",0.134615384615385,94
"NE","00-0037816","R.Doubs",3,7,0,52,"Romeo Doubs","Romeo Doubs",0.134615384615385,95
"TEN","00-0040170","E.Ayomanor",3,6,3,45,"Elic Ayomanor","Elic Ayomanor",0.133333333333333,96
"TEN","00-0039032","T.Spears",4,6,0,45,"Tyjae Spears","Tyjae Spears",0.133333333333333,97
"NO","00-0036040","J.Johnson",7,11,4,84,"Juwan Johnson","Juwan Johnson",0.130952380952381,98
"NO","00-0036973","T.Etienne",9,11,2,84,"Travis Etienne","Travis Etienne",0.130952380952381,99
"GB","00-0038996","T.Kraft",5,9,0,69,"Tucker Kraft","Tucker Kraft",0.130434782608696,100
"WAS","00-0036626","D.Brown",4,8,1,63,"Dyami Brown","Dyami Brown",0.126984126984127,101
"WAS","00-0037256","R.White",8,8,1,63,"Rachaad White","Rachaad White",0.126984126984127,102
"PHI","00-0034351","D.Goedert",5,7,2,56,"Dallas Goedert","Dallas Goedert",0.125,103
"BUF","00-0037248","J.Cook",4,7,2,56,"James Cook","James Cook",0.125,104
"BUF","00-0039901","K.Coleman",7,7,1,56,"Keon Coleman","Keon Coleman",0.125,105
"DEN","00-0040134","P.Bryant",4,7,0,56,"Pat Bryant","Pat Bryant",0.125,106
"CHI","00-0039919","R.Odunze",5,7,0,56,"Rome Odunze","Rome Odunze",0.125,107
"MIN","00-0035249","J.Oliver",3,5,0,42,"Josh Oliver","Josh Oliver",0.119047619047619,108
"IND","00-0037664","A.Pierce",5,7,1,59,"Alec Pierce","Alec Pierce",0.11864406779661,109
"NYJ","00-0038120","B.Hall",7,7,0,59,"Breece Hall","Breece Hall",0.11864406779661,110
"NYJ","00-0039451","I.Williams",7,7,1,59,"Isaiah Williams","Isaiah Williams",0.11864406779661,111
"KC","00-0039067","R.Rice",6,8,2,68,"Rashee Rice","Rashee Rice",0.117647058823529,112
"TB","00-0033921","C.Godwin",7,7,0,60,"Chris Godwin Jr.","Chris Godwin Jr.",0.116666666666667,113
"GB","00-0039146","J.Reed",4,8,1,69,"Jayden Reed","Jayden Reed",0.115942028985507,114
"HOU","00-0036554","N.Collins",7,10,2,87,"Nico Collins","Nico Collins",0.114942528735632,115
"BAL","00-0039064","Z.Flowers",5,6,0,53,"Zay Flowers","Zay Flowers",0.113207547169811,116
"WAS","00-0041040","A.Williams",7,7,2,63,"Antonio Williams","Antonio Williams",0.111111111111111,117
"ARI","00-0041027","J.Love",5,7,1,63,"Jeremiyah Love","Jeremiyah Love",0.111111111111111,118
"SF","00-0032775","D.Robinson",5,6,2,55,"Demarcus Robinson","Demarcus Robinson",0.109090909090909,119
"PIT","00-0041489","G.Bernard",4,8,1,74,"Germie Bernard","Germie Bernard",0.108108108108108,120
"CIN","00-0034829","M.Gesicki",5,7,2,65,"Mike Gesicki","Mike Gesicki",0.107692307692308,121
"CHI","00-0036275","D.Swift",6,6,1,56,"D'Andre Swift","D'Andre Swift",0.107142857142857,122
"DEN","00-0033881","E.Engram",5,6,1,56,"Evan Engram","Evan Engram",0.107142857142857,123
"CAR","00-0037005","T.Tremble",4,7,1,66,"Tommy Tremble","Tommy Tremble",0.106060606060606,124
"LV","00-0040729","J.Bech",5,6,2,58,"Jack Bech","Jack Bech",0.103448275862069,125
"JAX","00-0038935","B.Strange",4,5,2,49,"Brenton Strange","Brenton Strange",0.102040816326531,126
"NYJ","00-0041032","K.Sadiq",5,6,0,59,"Kenyon Sadiq","Kenyon Sadiq",0.101694915254237,127
"SEA","00-0033908","C.Kupp",4,5,0,50,"Cooper Kupp","Cooper Kupp",0.1,128
"MIA","00-0037252","G.Dulcich",4,5,1,50,"Greg Dulcich","Greg Dulcich",0.1,129
"DAL","00-0038041","J.Ferguson",6,6,3,61,"Jake Ferguson","Jake Ferguson",0.0983606557377049,130
"CLE","00-0036407","J.Jeudy",2,5,0,52,"Jerry Jeudy","Jerry Jeudy",0.0961538461538462,131
"NO","00-0035644","N.Fant",4,8,1,84,"Noah Fant","Noah Fant",0.0952380952380952,132
"PIT","00-0036139","R.Dowdle",4,7,0,74,"Rico Dowdle","Rico Dowdle",0.0945945945945946,133
"BAL","00-0032398","C.Moore",2,5,0,53,"Chris Moore","Chris Moore",0.0943396226415094,134
"HOU","00-0038728","J.Wayne",3,8,1,87,"Jared Wayne","Jared Wayne",0.0919540229885057,135
"CAR","00-0039342","X.Legette",2,6,1,66,"Xavier Legette","Xavier Legette",0.0909090909090909,136
"CHI","00-0040126","C.Loveland",1,5,2,56,"Colston Loveland","Colston Loveland",0.0892857142857143,137
"BUF","00-0036988","J.Palmer",2,5,0,56,"Josh Palmer","Josh Palmer",0.0892857142857143,138
"PHI","00-0040867","M.Lemon",4,5,0,56,"Makai Lemon","Makai Lemon",0.0892857142857143,139
"LA","00-0037840","K.Williams",5,5,1,57,"Kyren Williams","Kyren Williams",0.087719298245614,140
"TB","00-0036919","K.Gainwell",4,5,1,60,"Kenny Gainwell","Kenny Gainwell",0.0833333333333333,141
"TB","00-0040237","T.Johnson",1,5,2,60,"Tez Johnson","Tez Johnson",0.0833333333333333,142
"NYG","00-0036309","D.Mooney",4,5,0,61,"Darnell Mooney","Darnell Mooney",0.0819672131147541,143
"NYG","00-0035250","D.Singletary",4,5,2,61,"Devin Singletary","Devin Singletary",0.0819672131147541,144
"NYG","00-0039847","T.Johnson",1,5,0,61,"Theo Johnson","Theo Johnson",0.0819672131147541,145
"HOU","00-0040138","J.Noel",3,7,0,87,"Jaylin Noel","Jaylin Noel",0.0804597701149425,146
"HOU","00-0038608","K.Boutte",4,7,1,87,"Kayshon Boutte","Kayshon Boutte",0.0804597701149425,147
"HOU","00-0040583","W.Marks",6,7,2,87,"Woody Marks","Woody Marks",0.0804597701149425,148
"ATL","00-0032392","A.Hooper",2,4,0,50,"Austin Hooper","Austin Hooper",0.08,149
"SEA","00-0041512","J.Price",3,4,0,50,"Jadarian Price","Jadarian Price",0.08,150
"ATL","00-0036970","K.Pitts",1,4,0,50,"Kyle Pitts","Kyle Pitts",0.08,151
"ATL","00-0035208","O.Zaccheaus",2,4,0,50,"Olamide Zaccheaus","Olamide Zaccheaus",0.08,152
"DET","00-0040669","I.TeSlaa",2,6,1,77,"Isaac TeSlaa","Isaac TeSlaa",0.0779220779220779,153
"NE","00-0035676","A.Brown",3,4,0,52,"A.J. Brown","A.J. Brown",0.0769230769230769,154
"CLE","00-0040466","R.Sanders",4,4,0,52,"Raheim Sanders","Raheim Sanders",0.0769230769230769,155
"CAR","00-0036555","C.Hubbard",5,5,2,66,"Chuba Hubbard","Chuba Hubbard",0.0757575757575758,156
"CAR","00-0031610","D.Waller",5,5,2,66,"Darren Waller","Darren Waller",0.0757575757575758,157
"BAL","00-0032764","D.Henry",4,4,0,53,"Derrick Henry","Derrick Henry",0.0754716981132075,158
"BAL","00-0040075","L.Wester",3,4,0,53,"LaJohntay Wester","LaJohntay Wester",0.0754716981132075,159
"LAC","00-0040189","O.Gadsden",4,4,1,53,"Oronde Gadsden II","Oronde Gadsden II",0.0754716981132075,160
"KC","00-0038104","T.Thornton",4,5,0,68,"Tyquan Thornton","Tyquan Thornton",0.0735294117647059,161
"NO","00-0033906","A.Kamara",5,6,1,84,"Alvin Kamara","Alvin Kamara",0.0714285714285714,162
"CHI","00-0036290","C.Kmet",2,4,0,56,"Cole Kmet","Cole Kmet",0.0714285714285714,163
"CHI","00-0040236","K.Monangai",4,4,1,56,"Kyle Monangai","Kyle Monangai",0.0714285714285714,164
"DEN","00-0040730","R.Harvey",4,4,0,56,"RJ Harvey","RJ Harvey",0.0714285714285714,165
"PHI","00-0034844","S.Barkley",2,4,0,56,"Saquon Barkley","Saquon Barkley",0.0714285714285714,166
"LA","00-0036244","C.Parkinson",3,4,1,57,"Colby Parkinson","Colby Parkinson",0.0701754385964912,167
"IND","00-0032951","L.Treadwell",3,4,0,59,"Laquon Treadwell","Laquon Treadwell",0.0677966101694915,168
"TEN","00-0035261","T.Pollard",2,3,0,45,"Tony Pollard","Tony Pollard",0.0666666666666667,169
"NYG","00-0040715","C.Skattebo",4,4,0,61,"Cam Skattebo","Cam Skattebo",0.0655737704918033,170
"ARI","00-0039849","M.Harrison",1,4,0,63,"Marvin Harrison Jr.","Marvin Harrison Jr.",0.0634920634920635,171
"ARI","00-0037263","T.Allgeier",4,4,1,63,"Tyler Allgeier","Tyler Allgeier",0.0634920634920635,172
"CIN","00-0038619","A.Iosivas",3,4,1,65,"Andrei Iosivas","Andrei Iosivas",0.0615384615384615,173
"CIN","00-0033526","S.Perine",4,4,0,65,"Samaje Perine","Samaje Perine",0.0615384615384615,174
"JAX","00-0040719","B.Tuten",3,3,1,49,"Bhayshul Tuten","Bhayshul Tuten",0.0612244897959184,175
"JAX","00-0034960","J.Meyers",3,3,0,49,"Jakobi Meyers","Jakobi Meyers",0.0612244897959184,176
"SEA","00-0039793","A.Barner",3,3,0,50,"AJ Barner","AJ Barner",0.06,177
"MIA","00-0041525","C.Bell",1,3,0,50,"Chris Bell","Chris Bell",0.06,178
"ATL","00-0036463","C.Blair",1,3,0,50,"Chris Blair","Chris Blair",0.06,179
"MIA","00-0041436","D.Herman",1,3,0,50,"DJ Herman","DJ Herman",0.06,180
"NO","00-0041067","B.Lance",4,5,0,84,"Bryce Lance","Bryce Lance",0.0595238095238095,181
"KC","00-0041013","E.Johnson",4,4,0,68,"Emmett Johnson","Emmett Johnson",0.0588235294117647,182
"GB","00-0038090","S.Moore",2,4,1,69,"Skyy Moore","Skyy Moore",0.0579710144927536,183
"CLE","00-0038710","B.Whiteheart",2,3,1,52,"Blake Whiteheart","Blake Whiteheart",0.0576923076923077,184
"HOU","00-0035685","D.Montgomery",5,5,1,87,"David Montgomery","David Montgomery",0.0574712643678161,185
"LAC","00-0041550","B.Thompson",1,3,0,53,"Brenen Thompson","Brenen Thompson",0.0566037735849057,186
"LAC","00-0038046","C.Kolar",3,3,0,53,"Charlie Kolar","Charlie Kolar",0.0566037735849057,187
"BAL","00-0040870","J.Lane",1,3,2,53,"Ja'Kobi Lane","Ja'Kobi Lane",0.0566037735849057,188
"BAL","00-0034975","J.Hill",3,3,0,53,"Justice Hill","Justice Hill",0.0566037735849057,189
"PIT","00-0038558","D.Washington",3,4,0,74,"Darnell Washington","Darnell Washington",0.0540540540540541,190
"DEN","00-0036422","A.Trautman",2,3,0,56,"Adam Trautman","Adam Trautman",0.0535714285714286,191
"PHI","00-0040024","D.Cooper",2,3,1,56,"Darius Cooper","Darius Cooper",0.0535714285714286,192
"BUF","00-0035689","D.Knox",3,3,1,56,"Dawson Knox","Dawson Knox",0.0535714285714286,193
"PHI","00-0033246","J.Mundt",2,3,0,56,"Johnny Mundt","Johnny Mundt",0.0535714285714286,194
"DEN","00-0041496","J.Coleman",3,3,0,56,"Jonah Coleman","Jonah Coleman",0.0535714285714286,195
"DEN","00-0038783","N.Adkins",3,3,1,56,"Nate Adkins","Nate Adkins",0.0535714285714286,196
"CHI","00-0041558","S.Roush",1,3,1,56,"Sam Roush","Sam Roush",0.0535714285714286,197
"DEN","00-0039868","T.Franklin",1,3,1,56,"Troy Franklin","Troy Franklin",0.0535714285714286,198
"DEN","00-0037085","T.Badie",2,3,1,56,"Tyler Badie","Tyler Badie",0.0535714285714286,199
"PHI","00-0039746","W.Shipley",3,3,0,56,"Will Shipley","Will Shipley",0.0535714285714286,200
"LA","00-0040590","K.Mumpfield",1,3,0,57,"Konata Mumpfield","Konata Mumpfield",0.0526315789473684,201
"LV","00-0035891","C.White",2,3,2,58,"Cody White","Cody White",0.0517241379310345,202
"LV","00-0040894","M.Benson",1,3,0,58,"Malik Benson","Malik Benson",0.0517241379310345,203
"NYJ","00-0037805","J.Ruckert",3,3,1,59,"Jeremy Ruckert","Jeremy Ruckert",0.0508474576271186,204
"NYJ","00-0040736","M.Taylor",2,3,0,59,"Mason Taylor","Mason Taylor",0.0508474576271186,205
"WAS","00-0037809","C.Okonkwo",2,3,0,63,"Chig Okonkwo","Chig Okonkwo",0.0476190476190476,206
"WAS","00-0036628","J.Bates",2,3,1,63,"John Bates","John Bates",0.0476190476190476,207
"MIN","00-0036425","D.Dallas",2,2,0,42,"DeeJay Dallas","DeeJay Dallas",0.0476190476190476,208
"CIN","00-0035631","D.Sample",3,3,1,65,"Drew Sample","Drew Sample",0.0461538461538462,209
"CIN","00-0039814","E.All",2,3,0,65,"Erick All","Erick All",0.0461538461538462,210
"HOU","00-0034981","F.Moreau",4,4,0,87,"Foster Moreau","Foster Moreau",0.0459770114942529,211
"CAR","00-0039344","J.Brooks",2,3,1,66,"Jonathon Brooks","Jonathon Brooks",0.0454545454545455,212
"CAR","00-0040187","M.Evans",2,3,2,66,"Mitchell Evans","Mitchell Evans",0.0454545454545455,213
"TEN","00-0034837","C.Ridley",2,2,0,45,"Calvin Ridley","Calvin Ridley",0.0444444444444444,214
"TEN","00-0038115","D.Bellinger",1,2,0,45,"Daniel Bellinger","Daniel Bellinger",0.0444444444444444,215
"GB","00-0038685","C.Brooks",1,3,0,69,"Chris Brooks","Chris Brooks",0.0434782608695652,216
"GB","00-0033858","J.Smith",2,3,0,69,"Jonnu Smith","Jonnu Smith",0.0434782608695652,217
"GB","00-0039811","M.Lloyd",2,3,2,69,"MarShawn Lloyd","MarShawn Lloyd",0.0434782608695652,218
"JAX","00-0032104","A.Abdullah",2,2,0,49,"Ameer Abdullah","Ameer Abdullah",0.0408163265306122,219
"JAX","00-0041100","J.Cameron",2,2,1,49,"Josh Cameron","Josh Cameron",0.0408163265306122,220
"JAX","00-0036590","Q.Morris",1,2,0,49,"Quintin Morris","Quintin Morris",0.0408163265306122,221
"PIT","00-0036252","M.Pittman",3,3,0,74,"Michael Pittman","Michael Pittman",0.0405405405405405,222
"SEA","00-0038488","B.Russell",2,2,0,50,"Brady Russell","Brady Russell",0.04,223
"ATL","00-0037746","Br.Robinson",2,2,0,50,"Brian Robinson","Brian Robinson",0.04,224
"SEA","00-0039299","G.Holani",1,2,1,50,"George Holani","George Holani",0.04,225
"MIA","00-0041529","K.Coleman",0,2,0,50,"Kevin Coleman Jr.","Kevin Coleman Jr.",0.04,226
"MIA","00-0041524","W.Kacmarek",1,2,0,50,"Will Kacmarek","Will Kacmarek",0.04,227
"ATL","00-0041044","Z.Branch",2,2,0,50,"Zachariah Branch","Zachariah Branch",0.04,228
"NE","00-0041395","E.Raridon",2,2,1,52,"Eli Raridon","Eli Raridon",0.0384615384615385,229
"NE","00-0040131","K.Williams",1,2,0,52,"Kyle Williams","Kyle Williams",0.0384615384615385,230
"NE","00-0040568","L.Larison",2,2,0,52,"Lan Larison","Lan Larison",0.0384615384615385,231
"NE","00-0036187","R.Gilliam",1,2,0,52,"Reggie Gilliam","Reggie Gilliam",0.0384615384615385,232
"LAC","00-0038573","D.Davis",0,2,0,53,"Derius Davis","Derius Davis",0.0377358490566038,233
"BAL","00-0039792","D.Walker",1,2,0,53,"Devontez Walker","Devontez Walker",0.0377358490566038,234
"BAL","00-0034798","D.Smythe",1,2,1,53,"Durham Smythe","Durham Smythe",0.0377358490566038,235
"LAC","00-0040666","O.Hampton",2,2,0,53,"Omarion Hampton","Omarion Hampton",0.0377358490566038,236
"SF","00-0029892","K.Juszczyk",2,2,1,55,"Kyle Juszczyk","Kyle Juszczyk",0.0363636363636364,237
"SF","00-0036887","L.Farrell",2,2,0,55,"Luke Farrell","Luke Farrell",0.0363636363636364,238
"PHI","00-0038555","T.Bigsby",2,2,0,56,"Tank Bigsby","Tank Bigsby",0.0357142857142857,239
"LA","00-0039074","D.Allen",2,2,0,57,"Davis Allen","Davis Allen",0.0350877192982456,240
"LA","00-0036849","T.Atwell",1,2,0,57,"Tutu Atwell","Tutu Atwell",0.0350877192982456,241
"LA","00-0033110","T.Higbee",2,2,0,57,"Tyler Higbee","Tyler Higbee",0.0350877192982456,242
"IND","00-0037292","A.Ogletree",0,2,0,59,"Andrew Ogletree","Andrew Ogletree",0.0338983050847458,243
"NYJ","00-0039794","B.Allen",1,2,2,59,"Braelon Allen","Braelon Allen",0.0338983050847458,244
"DAL","00-0039530","B.Spann-Ford",2,2,0,61,"Brevyn Spann-Ford","Brevyn Spann-Ford",0.0327868852459016,245
"WAS","00-0040242","J.Croskey-Merritt",2,2,0,63,"Jacory Croskey-Merritt","Jacory Croskey-Merritt",0.0317460317460317,246
"CIN","00-0040785","D.Meyers",1,2,0,65,"Dohnte Meyers","Dohnte Meyers",0.0307692307692308,247
"KC","00-0040646","J.Royals",2,2,1,68,"Jalen Royals","Jalen Royals",0.0294117647058824,248
"KC","00-0036637","N.Gray",1,2,0,68,"Noah Gray","Noah Gray",0.0294117647058824,249
"GB","00-0037091","B.Melton",1,2,0,69,"Bo Melton","Bo Melton",0.0289855072463768,250
"DET","00-0039364","S.Vaki",2,2,0,77,"Sione Vaki","Sione Vaki",0.025974025974026,251
"NO","00-0041326","C.Donaldson",1,2,0,84,"CJ Donaldson","CJ Donaldson",0.0238095238095238,252
"MIN","00-0033293","A.Jones",0,1,0,42,"Aaron Jones","Aaron Jones",0.0238095238095238,253
"MIN","00-0041104","D.Claiborne",1,1,0,42,"Demond Claiborne","Demond Claiborne",0.0238095238095238,254
"MIN","00-0036259","J.Jennings",0,1,0,42,"Jauan Jennings","Jauan Jennings",0.0238095238095238,255
"MIN","00-0040506","M.Price",0,1,0,42,"Myles Price","Myles Price",0.0238095238095238,256
"TEN","00-0040705","C.Dike",1,1,0,45,"Chimere Dike","Chimere Dike",0.0222222222222222,257
"JAX","00-0040238","L.Allen",0,1,1,49,"LeQuint Allen Jr.","LeQuint Allen Jr.",0.0204081632653061,258
"JAX","00-0041503","N.Boerkircher",1,1,0,49,"Nate Boerkircher","Nate Boerkircher",0.0204081632653061,259
"JAX","00-0040718","T.Hunter",1,1,0,49,"Travis Hunter","Travis Hunter",0.0204081632653061,260
"ATL","00-0036429","C.Woerner",0,1,0,50,"Charlie Woerner","Charlie Woerner",0.02,261
"SEA","00-0040739","E.Arroyo",1,1,0,50,"Elijah Arroyo","Elijah Arroyo",0.02,262
"SEA","00-0038797","E.Wilson",0,1,1,50,"Emanuel Wilson","Emanuel Wilson",0.02,263
"SEA","00-0033576","E.Saubert",1,1,1,50,"Eric Saubert","Eric Saubert",0.02,264
"MIA","00-0038824","R.Miller",1,1,0,50,"Ryan Miller","Ryan Miller",0.02,265
"NE","00-0040563","E.Chism",1,1,0,52,"Efton Chism III","Efton Chism III",0.0192307692307692,266
"CLE","00-0040782","I.Bond",1,1,0,52,"Isaiah Bond","Isaiah Bond",0.0192307692307692,267
"CLE","00-0038794","J.McLaughlin",0,1,0,52,"Jaleel McLaughlin","Jaleel McLaughlin",0.0192307692307692,268
"LAC","00-0038454","K.Mitchell",1,1,0,53,"Keaton Mitchell","Keaton Mitchell",0.0188679245283019,269
"BAL","00-0040879","M.Hibner",1,1,0,53,"Matthew Hibner","Matthew Hibner",0.0188679245283019,270
"SF","00-0032701","J.Brendel",1,1,0,55,"Jake Brendel","Jake Brendel",0.0181818181818182,271
"SF","00-0041052","K.Black",1,1,0,55,"Kaelon Black","Kaelon Black",0.0181818181818182,272
"SF","00-0034854","K.Hodge",1,1,0,55,"KhaDarel Hodge","KhaDarel Hodge",0.0181818181818182,273
"DEN","00-0036727","A.Prentice",1,1,0,56,"Adam Prentice","Adam Prentice",0.0178571428571429,274
"CHI","00-0040277","J.Walker",1,1,1,56,"Jahdae Walker","Jahdae Walker",0.0178571428571429,275
"DEN","00-0035406","L.Humphrey",0,1,0,56,"Lil'Jordan Humphrey","Lil'Jordan Humphrey",0.0178571428571429,276
"LA","00-0039738","B.Corum",1,1,0,57,"Blake Corum","Blake Corum",0.0175438596491228,277
"LA","00-0039751","J.Whittington",1,1,0,57,"Jordan Whittington","Jordan Whittington",0.0175438596491228,278
"LA","00-0037557","R.Rivers",1,1,0,57,"Ronnie Rivers","Ronnie Rivers",0.0175438596491228,279
"LA","00-0038359","X.Smith",0,1,1,57,"Xavier Smith","Xavier Smith",0.0175438596491228,280
"LV","00-0037093","D.Young",1,1,0,58,"Dareke Young","Dareke Young",0.0172413793103448,281
"LV","00-0034365","I.Thomas",1,1,0,58,"Ian Thomas","Ian Thomas",0.0172413793103448,282
"LV","00-0040878","M.Washington",0,1,0,58,"Mike Washington Jr.","Mike Washington Jr.",0.0172413793103448,283
"NYJ","00-0040582","A.Smith",0,1,0,59,"Arian Smith","Arian Smith",0.0169491525423729,284
"IND","00-0035021","A.Dulin",0,1,0,59,"Ashton Dulin","Ashton Dulin",0.0169491525423729,285
"NYJ","00-0041511","O.Cooper",1,1,0,59,"Omar Cooper Jr.","Omar Cooper Jr.",0.0169491525423729,286
"IND","00-0041125","S.McGowan",1,1,0,59,"Seth McGowan","Seth McGowan",0.0169491525423729,287
"DAL","00-0039062","J.Mingo",1,1,0,61,"Jonathan Mingo","Jonathan Mingo",0.0163934426229508,288
"DAL","00-0037801","K.Turpin",1,1,0,61,"KaVontae Turpin","KaVontae Turpin",0.0163934426229508,289
"DAL","00-0038547","L.Schoonmaker",1,1,0,61,"Luke Schoonmaker","Luke Schoonmaker",0.0163934426229508,290
"NYG","00-0033376","P.Ricard",0,1,0,61,"Patrick Ricard","Patrick Ricard",0.0163934426229508,291
"WAS","00-0039912","B.Sinnott",1,1,0,63,"Ben Sinnott","Ben Sinnott",0.0158730158730159,292
"WAS","00-0039686","C.Yankoff",1,1,0,63,"Colson Yankoff","Colson Yankoff",0.0158730158730159,293
"WAS","00-0040164","J.Lane",1,1,0,63,"Jaylin Lane","Jaylin Lane",0.0158730158730159,294
"WAS","00-0037742","T.Burks",0,1,0,63,"Treylon Burks","Treylon Burks",0.0158730158730159,295
"CIN","00-0041069","C.Young",1,1,0,65,"Colbie Young","Colbie Young",0.0153846153846154,296
"CIN","00-0034613","T.Hudson",1,1,0,65,"Tanner Hudson","Tanner Hudson",0.0153846153846154,297
"CAR","00-0040218","Ji.Horn",0,1,0,66,"Jimmy Horn Jr.","Jimmy Horn Jr.",0.0151515151515152,298
"KC","00-0040890","C.Allen",0,1,0,68,"Cyrus Allen","Cyrus Allen",0.0147058823529412,299
"KC","00-0040081","J.Briningstool",1,1,0,68,"Jake Briningstool","Jake Briningstool",0.0147058823529412,300
"PIT","00-0036862","B.Skowronek",1,1,0,74,"Ben Skowronek","Ben Skowronek",0.0135135135135135,301
"DET","00-0036754","B.Wright",1,1,0,77,"Brock Wright","Brock Wright",0.012987012987013,302
"NO","00-0037231","K.Austin",1,1,0,84,"Kevin Austin Jr.","Kevin Austin Jr.",0.0119047619047619,303
"NO","00-0041041","O.Delp",1,1,0,84,"Oscar Delp","Oscar Delp",0.0119047619047619,304
"HOU","00-0039359","C.Stover",1,1,0,87,"Cade Stover","Cade Stover",0.0114942528735632,305
"HOU","00-0041472","M.Klein",1,1,0,87,"Marlin Klein","Marlin Klein",0.0114942528735632,306
