"team","plays","games","epa_allowed_per_play","opponent_success_rate","logo","highlight","color","logo_x","logo_y"
"LV",112,2,-0.249833317958819,0.348214285714286,"outputs/def_epa_success_2026_through_week_2/logos/LV.png",FALSE,"#AA182C",-0.249833317958819,0.348214285714286
"CIN",127,2,-0.222390650670823,0.385826771653543,"outputs/def_epa_success_2026_through_week_2/logos/CIN.png",FALSE,"#AA182C",-0.233643093942607,0.386738042747677
"PIT",108,2,-0.202320514374121,0.398148148148148,"outputs/def_epa_success_2026_through_week_2/logos/PIT.png",FALSE,"#AA182C",-0.217152670752884,0.408192990200136
"SEA",114,2,-0.19851917504688,0.37719298245614,"outputs/def_epa_success_2026_through_week_2/logos/SEA.png",FALSE,"#AA182C",-0.197866238915216,0.370039684766007
"NE",114,2,-0.182026564683709,0.385964912280702,"outputs/def_epa_success_2026_through_week_2/logos/NE.png",FALSE,"#AA182C",-0.181652390949173,0.391565995231002
"NYJ",99,2,-0.170925591564708,0.383838383838384,"outputs/def_epa_success_2026_through_week_2/logos/NYJ.png",FALSE,"#AA182C",-0.14578142496466,0.374922800704447
"MIN",136,2,-0.149723434948104,0.352941176470588,"outputs/def_epa_success_2026_through_week_2/logos/MIN.png",FALSE,"#AA182C",-0.149810519262796,0.352452560687405
"SF",112,2,-0.132820147809755,0.419642857142857,"outputs/def_epa_success_2026_through_week_2/logos/SF.png",TRUE,"#AA182C",-0.138047142276393,0.414149361437758
"LA",119,2,-0.102225103672119,0.428571428571429,"outputs/def_epa_success_2026_through_week_2/logos/LA.png",FALSE,"#AA182C",-0.118036228021301,0.435003022627383
"ATL",120,2,-0.0840459512099314,0.383333333333333,"outputs/def_epa_success_2026_through_week_2/logos/ATL.png",FALSE,"#AA182C",-0.0847498683777643,0.384908106149945
"GB",129,2,-0.0755564920793376,0.364341085271318,"outputs/def_epa_success_2026_through_week_2/logos/GB.png",FALSE,"#AA182C",-0.0748525749115046,0.362766312454706
"KC",109,2,-0.0558266389424982,0.431192660550459,"outputs/def_epa_success_2026_through_week_2/logos/KC.png",FALSE,"#AA182C",-0.0650917472433821,0.434320853956099
"BAL",116,2,-0.0370591366493154,0.431034482758621,"outputs/def_epa_success_2026_through_week_2/logos/BAL.png",TRUE,"#241773",-0.035619452129637,0.415492765983523
"ARI",118,2,-0.0295563598569226,0.432203389830508,"outputs/def_epa_success_2026_through_week_2/logos/ARI.png",FALSE,"#AA182C",-0.0119190711738304,0.435611447260843
"CAR",137,2,-0.0223292639950312,0.452554744525547,"outputs/def_epa_success_2026_through_week_2/logos/CAR.png",FALSE,"#AA182C",-0.0411347687957113,0.454398535126404
"JAX",105,2,-0.0196174935819629,0.466666666666667,"outputs/def_epa_success_2026_through_week_2/logos/JAX.png",FALSE,"#AA182C",-0.0172334073537267,0.474560290423551
"TB",115,2,0.0034758102816812,0.452173913043478,"outputs/def_epa_success_2026_through_week_2/logos/TB.png",FALSE,"#AA182C",0.0119608332810615,0.455750032461811
"LAC",126,2,0.0352846896985058,0.428571428571429,"outputs/def_epa_success_2026_through_week_2/logos/LAC.png",FALSE,"#AA182C",0.0327415558205916,0.423420864455835
"NO",128,2,0.0501526927518619,0.53125,"outputs/def_epa_success_2026_through_week_2/logos/NO.png",FALSE,"#AA182C",0.050152692751862,0.53125
"CHI",113,2,0.0644506228321352,0.415929203539823,"outputs/def_epa_success_2026_through_week_2/logos/CHI.png",FALSE,"#AA182C",0.0659347104097851,0.405805703211603
"DEN",119,2,0.0664473977975316,0.428571428571429,"outputs/def_epa_success_2026_through_week_2/logos/DEN.png",FALSE,"#AA182C",0.0895945513792721,0.425949078280787
"HOU",109,2,0.0691459181558827,0.357798165137615,"outputs/def_epa_success_2026_through_week_2/logos/HOU.png",FALSE,"#AA182C",0.0691459181558827,0.357798165137615
"PHI",118,2,0.0749678443840768,0.432203389830508,"outputs/def_epa_success_2026_through_week_2/logos/PHI.png",FALSE,"#AA182C",0.0564260322053004,0.443606049238211
"CLE",115,2,0.0771138420755749,0.48695652173913,"outputs/def_epa_success_2026_through_week_2/logos/CLE.png",FALSE,"#AA182C",0.0771138420755749,0.48695652173913
"TEN",132,2,0.0977824299006318,0.446969696969697,"outputs/def_epa_success_2026_through_week_2/logos/TEN.png",FALSE,"#AA182C",0.108823104530944,0.447453470832262
"BUF",135,2,0.143998188480977,0.474074074074074,"outputs/def_epa_success_2026_through_week_2/logos/BUF.png",TRUE,"#0055A4",0.13295518177018,0.475777394949665
"WAS",105,2,0.151056183326518,0.457142857142857,"outputs/def_epa_success_2026_through_week_2/logos/WAS.png",FALSE,"#AA182C",0.158152916246059,0.455915292091794
"MIA",111,2,0.172392105331386,0.486486486486487,"outputs/def_epa_success_2026_through_week_2/logos/MIA.png",FALSE,"#AA182C",0.186053885626626,0.477464159255548
"DET",151,2,0.178774234491721,0.490066225165563,"outputs/def_epa_success_2026_through_week_2/logos/DET.png",FALSE,"#AA182C",0.173634815240713,0.499376912359187
"DAL",132,2,0.216539721587592,0.553030303030303,"outputs/def_epa_success_2026_through_week_2/logos/DAL.png",FALSE,"#AA182C",0.216539721587592,0.553030303030303
"NYG",108,2,0.256627499414241,0.509259259259259,"outputs/def_epa_success_2026_through_week_2/logos/NYG.png",FALSE,"#AA182C",0.255980739076667,0.508243103769796
"IND",138,2,0.26918281692176,0.528985507246377,"outputs/def_epa_success_2026_through_week_2/logos/IND.png",FALSE,"#AA182C",0.269829577259334,0.53000166273584
