"team","plays","games","epa_allowed_per_play","opponent_success_rate"
"LV",112,2,-0.249833317958819,0.348214285714286
"CIN",127,2,-0.222390650670823,0.385826771653543
"PIT",108,2,-0.202320514374121,0.398148148148148
"SEA",114,2,-0.19851917504688,0.37719298245614
"NE",114,2,-0.182026564683709,0.385964912280702
"NYJ",99,2,-0.170925591564708,0.383838383838384
"MIN",136,2,-0.149723434948104,0.352941176470588
"SF",112,2,-0.132820147809755,0.419642857142857
"LA",119,2,-0.102225103672119,0.428571428571429
"ATL",120,2,-0.0840459512099314,0.383333333333333
"GB",129,2,-0.0755564920793376,0.364341085271318
"KC",109,2,-0.0558266389424982,0.431192660550459
"BAL",116,2,-0.0370591366493154,0.431034482758621
"ARI",118,2,-0.0295563598569226,0.432203389830508
"CAR",137,2,-0.0223292639950312,0.452554744525547
"JAX",105,2,-0.0196174935819629,0.466666666666667
"TB",115,2,0.0034758102816812,0.452173913043478
"LAC",126,2,0.0352846896985058,0.428571428571429
"NO",128,2,0.0501526927518619,0.53125
"CHI",113,2,0.0644506228321352,0.415929203539823
"DEN",119,2,0.0664473977975316,0.428571428571429
"HOU",109,2,0.0691459181558827,0.357798165137615
"PHI",118,2,0.0749678443840768,0.432203389830508
"CLE",115,2,0.0771138420755749,0.48695652173913
"TEN",132,2,0.0977824299006318,0.446969696969697
"BUF",135,2,0.143998188480977,0.474074074074074
"WAS",105,2,0.151056183326518,0.457142857142857
"MIA",111,2,0.172392105331386,0.486486486486487
"DET",151,2,0.178774234491721,0.490066225165563
"DAL",132,2,0.216539721587592,0.553030303030303
"NYG",108,2,0.256627499414241,0.509259259259259
"IND",138,2,0.26918281692176,0.528985507246377
