"game_id","season","gameday","home_team","away_team","home_score","away_score"
"1999_01_MIN_ATL",1999,"1999-09-12","ATL","MIN",14,17
"1999_01_KC_CHI",1999,"1999-09-12","CHI","KC",20,17
"1999_01_PIT_CLE",1999,"1999-09-12","CLE","PIT",0,43
"1999_01_OAK_GB",1999,"1999-09-12","GB","OAK",28,24
"1999_01_BUF_IND",1999,"1999-09-12","IND","BUF",31,14
"1999_01_SF_JAX",1999,"1999-09-12","JAX","SF",41,3
"1999_01_CAR_NO",1999,"1999-09-12","NO","CAR",19,10
"1999_01_NE_NYJ",1999,"1999-09-12","NYJ","NE",28,30
"1999_01_ARI_PHI",1999,"1999-09-12","PHI","ARI",24,25
"1999_01_DET_SEA",1999,"1999-09-12","SEA","DET",20,28
"1999_01_BAL_STL",1999,"1999-09-12","STL","BAL",27,10
"1999_01_NYG_TB",1999,"1999-09-12","TB","NYG",13,17
"1999_01_CIN_TEN",1999,"1999-09-12","TEN","CIN",36,35
"1999_01_DAL_WAS",1999,"1999-09-12","WAS","DAL",35,41
"1999_01_MIA_DEN",1999,"1999-09-13","DEN","MIA",21,38
"2000_01_SF_ATL",2000,"2000-09-03","ATL","SF",36,28
"2000_01_JAX_CLE",2000,"2000-09-03","CLE","JAX",7,27
"2000_01_IND_KC",2000,"2000-09-03","KC","IND",14,27
"2000_01_CHI_MIN",2000,"2000-09-03","MIN","CHI",30,27
"2000_01_TB_NE",2000,"2000-09-03","NE","TB",16,21
"2000_01_DET_NO",2000,"2000-09-03","NO","DET",10,14
"2000_01_ARI_NYG",2000,"2000-09-03","NYG","ARI",21,16
"2000_01_BAL_PIT",2000,"2000-09-03","PIT","BAL",0,16
"2000_01_CAR_WAS",2000,"2000-09-03","WAS","CAR",20,17
"2000_01_PHI_DAL",2000,"2000-09-03","DAL","PHI",14,41
"2000_01_NYJ_GB",2000,"2000-09-03","GB","NYJ",16,20
"2000_01_SEA_MIA",2000,"2000-09-03","MIA","SEA",23,0
"2000_01_SD_OAK",2000,"2000-09-03","OAK","SD",9,6
"2000_01_TEN_BUF",2000,"2000-09-03","BUF","TEN",16,13
"2000_01_DEN_STL",2000,"2000-09-04","STL","DEN",41,36
"2001_01_CHI_BAL",2001,"2001-09-09","BAL","CHI",17,6
"2001_01_NO_BUF",2001,"2001-09-09","BUF","NO",6,24
"2001_01_NE_CIN",2001,"2001-09-09","CIN","NE",23,17
"2001_01_SEA_CLE",2001,"2001-09-09","CLE","SEA",6,9
"2001_01_TB_DAL",2001,"2001-09-09","DAL","TB",6,10
"2001_01_DET_GB",2001,"2001-09-09","GB","DET",28,6
"2001_01_PIT_JAX",2001,"2001-09-09","JAX","PIT",21,3
"2001_01_OAK_KC",2001,"2001-09-09","KC","OAK",24,27
"2001_01_CAR_MIN",2001,"2001-09-09","MIN","CAR",13,24
"2001_01_IND_NYJ",2001,"2001-09-09","NYJ","IND",24,45
"2001_01_STL_PHI",2001,"2001-09-09","PHI","STL",17,20
"2001_01_WAS_SD",2001,"2001-09-09","SD","WAS",30,3
"2001_01_ATL_SF",2001,"2001-09-09","SF","ATL",16,13
"2001_01_MIA_TEN",2001,"2001-09-09","TEN","MIA",23,31
"2001_01_NYG_DEN",2001,"2001-09-10","DEN","NYG",31,20
"2002_01_SF_NYG",2002,"2002-09-05","NYG","SF",13,16
"2002_01_NYJ_BUF",2002,"2002-09-08","BUF","NYJ",31,37
"2002_01_BAL_CAR",2002,"2002-09-08","CAR","BAL",10,7
"2002_01_MIN_CHI",2002,"2002-09-08","CHI","MIN",27,23
"2002_01_SD_CIN",2002,"2002-09-08","CIN","SD",6,34
"2002_01_KC_CLE",2002,"2002-09-08","CLE","KC",39,40
"2002_01_ATL_GB",2002,"2002-09-08","GB","ATL",37,34
"2002_01_IND_JAX",2002,"2002-09-08","JAX","IND",25,28
"2002_01_DET_MIA",2002,"2002-09-08","MIA","DET",49,21
"2002_01_PHI_TEN",2002,"2002-09-08","TEN","PHI",27,24
"2002_01_ARI_WAS",2002,"2002-09-08","WAS","ARI",31,23
"2002_01_STL_DEN",2002,"2002-09-08","DEN","STL",23,16
"2002_01_SEA_OAK",2002,"2002-09-08","OAK","SEA",31,17
"2002_01_NO_TB",2002,"2002-09-08","TB","NO",20,26
"2002_01_DAL_HOU",2002,"2002-09-08","HOU","DAL",19,10
"2002_01_PIT_NE",2002,"2002-09-09","NE","PIT",30,14
"2003_01_NYJ_WAS",2003,"2003-09-04","WAS","NYJ",16,13
"2003_01_NE_BUF",2003,"2003-09-07","BUF","NE",31,0
"2003_01_JAX_CAR",2003,"2003-09-07","CAR","JAX",24,23
"2003_01_DEN_CIN",2003,"2003-09-07","CIN","DEN",10,30
"2003_01_IND_CLE",2003,"2003-09-07","CLE","IND",6,9
"2003_01_ARI_DET",2003,"2003-09-07","DET","ARI",42,24
"2003_01_MIN_GB",2003,"2003-09-07","GB","MIN",25,30
"2003_01_SD_KC",2003,"2003-09-07","KC","SD",27,14
"2003_01_HOU_MIA",2003,"2003-09-07","MIA","HOU",20,21
"2003_01_STL_NYG",2003,"2003-09-07","NYG","STL",23,13
"2003_01_BAL_PIT",2003,"2003-09-07","PIT","BAL",34,15
"2003_01_ATL_DAL",2003,"2003-09-07","DAL","ATL",13,27
"2003_01_NO_SEA",2003,"2003-09-07","SEA","NO",27,10
"2003_01_CHI_SF",2003,"2003-09-07","SF","CHI",49,7
"2003_01_OAK_TEN",2003,"2003-09-07","TEN","OAK",25,20
"2003_01_TB_PHI",2003,"2003-09-08","PHI","TB",0,17
"2004_01_IND_NE",2004,"2004-09-09","NE","IND",27,24
"2004_01_TEN_MIA",2004,"2004-09-11","MIA","TEN",7,17
"2004_01_JAX_BUF",2004,"2004-09-12","BUF","JAX",10,13
"2004_01_DET_CHI",2004,"2004-09-12","CHI","DET",16,20
"2004_01_BAL_CLE",2004,"2004-09-12","CLE","BAL",20,3
"2004_01_SD_HOU",2004,"2004-09-12","HOU","SD",20,27
"2004_01_SEA_NO",2004,"2004-09-12","NO","SEA",7,21
"2004_01_CIN_NYJ",2004,"2004-09-12","NYJ","CIN",31,24
"2004_01_OAK_PIT",2004,"2004-09-12","PIT","OAK",24,21
"2004_01_ARI_STL",2004,"2004-09-12","STL","ARI",17,10
"2004_01_TB_WAS",2004,"2004-09-12","WAS","TB",16,10
"2004_01_DAL_MIN",2004,"2004-09-12","MIN","DAL",35,17
"2004_01_NYG_PHI",2004,"2004-09-12","PHI","NYG",31,17
"2004_01_ATL_SF",2004,"2004-09-12","SF","ATL",19,21
"2004_01_KC_DEN",2004,"2004-09-12","DEN","KC",34,24
"2004_01_GB_CAR",2004,"2004-09-13","CAR","GB",14,24
"2005_01_OAK_NE",2005,"2005-09-08","NE","OAK",30,20
"2005_01_HOU_BUF",2005,"2005-09-11","BUF","HOU",22,7
"2005_01_NO_CAR",2005,"2005-09-11","CAR","NO",20,23
"2005_01_CIN_CLE",2005,"2005-09-11","CLE","CIN",13,27
"2005_01_SEA_JAX",2005,"2005-09-11","JAX","SEA",26,14
"2005_01_NYJ_KC",2005,"2005-09-11","KC","NYJ",27,7
"2005_01_DEN_MIA",2005,"2005-09-11","MIA","DEN",34,10
"2005_01_TB_MIN",2005,"2005-09-11","MIN","TB",13,24
"2005_01_TEN_PIT",2005,"2005-09-11","PIT","TEN",34,7
"2005_01_CHI_WAS",2005,"2005-09-11","WAS","CHI",9,7
"2005_01_GB_DET",2005,"2005-09-11","DET","GB",17,3
"2005_01_ARI_NYG",2005,"2005-09-11","NYG","ARI",42,19
"2005_01_DAL_SD",2005,"2005-09-11","SD","DAL",24,28
"2005_01_STL_SF",2005,"2005-09-11","SF","STL",28,25
"2005_01_IND_BAL",2005,"2005-09-11","BAL","IND",7,24
"2005_01_PHI_ATL",2005,"2005-09-12","ATL","PHI",14,10
"2006_01_MIA_PIT",2006,"2006-09-07","PIT","MIA",28,17
"2006_01_ATL_CAR",2006,"2006-09-10","CAR","ATL",6,20
"2006_01_NO_CLE",2006,"2006-09-10","CLE","NO",14,19
"2006_01_SEA_DET",2006,"2006-09-10","DET","SEA",6,9
"2006_01_PHI_HOU",2006,"2006-09-10","HOU","PHI",10,24
"2006_01_CIN_KC",2006,"2006-09-10","KC","CIN",10,23
"2006_01_BUF_NE",2006,"2006-09-10","NE","BUF",19,17
"2006_01_DEN_STL",2006,"2006-09-10","STL","DEN",18,10
"2006_01_BAL_TB",2006,"2006-09-10","TB","BAL",0,27
"2006_01_NYJ_TEN",2006,"2006-09-10","TEN","NYJ",16,23
"2006_01_SF_ARI",2006,"2006-09-10","ARI","SF",34,27
"2006_01_CHI_GB",2006,"2006-09-10","GB","CHI",0,26
"2006_01_DAL_JAX",2006,"2006-09-10","JAX","DAL",24,17
"2006_01_IND_NYG",2006,"2006-09-10","NYG","IND",21,26
"2006_01_MIN_WAS",2006,"2006-09-11","WAS","MIN",16,19
"2006_01_SD_OAK",2006,"2006-09-11","OAK","SD",0,27
"2007_01_NO_IND",2007,"2007-09-06","IND","NO",41,10
"2007_01_DEN_BUF",2007,"2007-09-09","BUF","DEN",14,15
"2007_01_PIT_CLE",2007,"2007-09-09","CLE","PIT",7,34
"2007_01_PHI_GB",2007,"2007-09-09","GB","PHI",16,13
"2007_01_KC_HOU",2007,"2007-09-09","HOU","KC",20,3
"2007_01_TEN_JAX",2007,"2007-09-09","JAX","TEN",10,13
"2007_01_ATL_MIN",2007,"2007-09-09","MIN","ATL",24,3
"2007_01_NE_NYJ",2007,"2007-09-09","NYJ","NE",14,38
"2007_01_CAR_STL",2007,"2007-09-09","STL","CAR",13,27
"2007_01_MIA_WAS",2007,"2007-09-09","WAS","MIA",16,13
"2007_01_DET_OAK",2007,"2007-09-09","OAK","DET",21,36
"2007_01_CHI_SD",2007,"2007-09-09","SD","CHI",14,3
"2007_01_TB_SEA",2007,"2007-09-09","SEA","TB",20,6
"2007_01_NYG_DAL",2007,"2007-09-09","DAL","NYG",45,35
"2007_01_BAL_CIN",2007,"2007-09-10","CIN","BAL",27,20
"2007_01_ARI_SF",2007,"2007-09-10","SF","ARI",20,17
"2008_01_WAS_NYG",2008,"2008-09-04","NYG","WAS",16,7
"2008_01_DET_ATL",2008,"2008-09-07","ATL","DET",34,21
"2008_01_CIN_BAL",2008,"2008-09-07","BAL","CIN",17,10
"2008_01_SEA_BUF",2008,"2008-09-07","BUF","SEA",34,10
"2008_01_NYJ_MIA",2008,"2008-09-07","MIA","NYJ",14,20
"2008_01_KC_NE",2008,"2008-09-07","NE","KC",17,10
"2008_01_TB_NO",2008,"2008-09-07","NO","TB",24,20
"2008_01_STL_PHI",2008,"2008-09-07","PHI","STL",38,3
"2008_01_HOU_PIT",2008,"2008-09-07","PIT","HOU",38,17
"2008_01_JAX_TEN",2008,"2008-09-07","TEN","JAX",17,10
"2008_01_DAL_CLE",2008,"2008-09-07","CLE","DAL",10,28
"2008_01_CAR_SD",2008,"2008-09-07","SD","CAR",24,26
"2008_01_ARI_SF",2008,"2008-09-07","SF","ARI",13,23
"2008_01_CHI_IND",2008,"2008-09-07","IND","CHI",13,29
"2008_01_MIN_GB",2008,"2008-09-08","GB","MIN",24,19
"2008_01_DEN_OAK",2008,"2008-09-08","OAK","DEN",14,41
"2009_01_TEN_PIT",2009,"2009-09-10","PIT","TEN",13,10
"2009_01_MIA_ATL",2009,"2009-09-13","ATL","MIA",19,7
"2009_01_KC_BAL",2009,"2009-09-13","BAL","KC",38,24
"2009_01_PHI_CAR",2009,"2009-09-13","CAR","PHI",10,38
"2009_01_DEN_CIN",2009,"2009-09-13","CIN","DEN",7,12
"2009_01_MIN_CLE",2009,"2009-09-13","CLE","MIN",20,34
"2009_01_NYJ_HOU",2009,"2009-09-13","HOU","NYJ",7,24
"2009_01_JAX_IND",2009,"2009-09-13","IND","JAX",14,12
"2009_01_DET_NO",2009,"2009-09-13","NO","DET",45,27
"2009_01_DAL_TB",2009,"2009-09-13","TB","DAL",21,34
"2009_01_SF_ARI",2009,"2009-09-13","ARI","SF",16,20
"2009_01_WAS_NYG",2009,"2009-09-13","NYG","WAS",23,17
"2009_01_STL_SEA",2009,"2009-09-13","SEA","STL",28,0
"2009_01_CHI_GB",2009,"2009-09-13","GB","CHI",21,15
"2009_01_BUF_NE",2009,"2009-09-14","NE","BUF",25,24
"2009_01_SD_OAK",2009,"2009-09-14","OAK","SD",20,24
"2010_01_MIN_NO",2010,"2010-09-09","NO","MIN",14,9
"2010_01_MIA_BUF",2010,"2010-09-12","BUF","MIA",10,15
"2010_01_DET_CHI",2010,"2010-09-12","CHI","DET",19,14
"2010_01_IND_HOU",2010,"2010-09-12","HOU","IND",34,24
"2010_01_DEN_JAX",2010,"2010-09-12","JAX","DEN",24,17
"2010_01_CIN_NE",2010,"2010-09-12","NE","CIN",38,24
"2010_01_CAR_NYG",2010,"2010-09-12","NYG","CAR",31,18
"2010_01_ATL_PIT",2010,"2010-09-12","PIT","ATL",15,9
"2010_01_CLE_TB",2010,"2010-09-12","TB","CLE",17,14
"2010_01_OAK_TEN",2010,"2010-09-12","TEN","OAK",38,13
"2010_01_GB_PHI",2010,"2010-09-12","PHI","GB",20,27
"2010_01_SF_SEA",2010,"2010-09-12","SEA","SF",31,6
"2010_01_ARI_STL",2010,"2010-09-12","STL","ARI",13,17
"2010_01_DAL_WAS",2010,"2010-09-12","WAS","DAL",13,7
"2010_01_BAL_NYJ",2010,"2010-09-13","NYJ","BAL",9,10
"2010_01_SD_KC",2010,"2010-09-13","KC","SD",21,14
"2011_01_NO_GB",2011,"2011-09-08","GB","NO",42,34
"2011_01_PIT_BAL",2011,"2011-09-11","BAL","PIT",35,7
"2011_01_ATL_CHI",2011,"2011-09-11","CHI","ATL",30,12
"2011_01_CIN_CLE",2011,"2011-09-11","CLE","CIN",17,27
"2011_01_IND_HOU",2011,"2011-09-11","HOU","IND",34,7
"2011_01_TEN_JAX",2011,"2011-09-11","JAX","TEN",16,14
"2011_01_BUF_KC",2011,"2011-09-11","KC","BUF",7,41
"2011_01_PHI_STL",2011,"2011-09-11","STL","PHI",13,31
"2011_01_DET_TB",2011,"2011-09-11","TB","DET",20,27
"2011_01_CAR_ARI",2011,"2011-09-11","ARI","CAR",28,21
"2011_01_MIN_SD",2011,"2011-09-11","SD","MIN",24,17
"2011_01_SEA_SF",2011,"2011-09-11","SF","SEA",33,17
"2011_01_NYG_WAS",2011,"2011-09-11","WAS","NYG",28,14
"2011_01_DAL_NYJ",2011,"2011-09-11","NYJ","DAL",27,24
"2011_01_NE_MIA",2011,"2011-09-12","MIA","NE",24,38
"2011_01_OAK_DEN",2011,"2011-09-12","DEN","OAK",20,23
"2012_01_DAL_NYG",2012,"2012-09-05","NYG","DAL",17,24
"2012_01_IND_CHI",2012,"2012-09-09","CHI","IND",41,21
"2012_01_PHI_CLE",2012,"2012-09-09","CLE","PHI",16,17
"2012_01_STL_DET",2012,"2012-09-09","DET","STL",27,23
"2012_01_MIA_HOU",2012,"2012-09-09","HOU","MIA",30,10
"2012_01_ATL_KC",2012,"2012-09-09","KC","ATL",24,40
"2012_01_JAX_MIN",2012,"2012-09-09","MIN","JAX",26,23
"2012_01_WAS_NO",2012,"2012-09-09","NO","WAS",32,40
"2012_01_BUF_NYJ",2012,"2012-09-09","NYJ","BUF",48,28
"2012_01_NE_TEN",2012,"2012-09-09","TEN","NE",13,34
"2012_01_SEA_ARI",2012,"2012-09-09","ARI","SEA",20,16
"2012_01_SF_GB",2012,"2012-09-09","GB","SF",22,30
"2012_01_CAR_TB",2012,"2012-09-09","TB","CAR",16,10
"2012_01_PIT_DEN",2012,"2012-09-09","DEN","PIT",31,19
"2012_01_CIN_BAL",2012,"2012-09-10","BAL","CIN",44,13
"2012_01_SD_OAK",2012,"2012-09-10","OAK","SD",14,22
"2013_01_BAL_DEN",2013,"2013-09-05","DEN","BAL",49,27
"2013_01_NE_BUF",2013,"2013-09-08","BUF","NE",21,23
"2013_01_SEA_CAR",2013,"2013-09-08","CAR","SEA",7,12
"2013_01_CIN_CHI",2013,"2013-09-08","CHI","CIN",24,21
"2013_01_MIA_CLE",2013,"2013-09-08","CLE","MIA",10,23
"2013_01_MIN_DET",2013,"2013-09-08","DET","MIN",34,24
"2013_01_OAK_IND",2013,"2013-09-08","IND","OAK",21,17
"2013_01_KC_JAX",2013,"2013-09-08","JAX","KC",2,28
"2013_01_ATL_NO",2013,"2013-09-08","NO","ATL",23,17
"2013_01_TB_NYJ",2013,"2013-09-08","NYJ","TB",18,17
"2013_01_TEN_PIT",2013,"2013-09-08","PIT","TEN",9,16
"2013_01_GB_SF",2013,"2013-09-08","SF","GB",34,28
"2013_01_ARI_STL",2013,"2013-09-08","STL","ARI",27,24
"2013_01_NYG_DAL",2013,"2013-09-08","DAL","NYG",36,31
"2013_01_PHI_WAS",2013,"2013-09-09","WAS","PHI",27,33
"2013_01_HOU_SD",2013,"2013-09-09","SD","HOU",28,31
"2014_01_GB_SEA",2014,"2014-09-04","SEA","GB",36,16
"2014_01_NO_ATL",2014,"2014-09-07","ATL","NO",37,34
"2014_01_CIN_BAL",2014,"2014-09-07","BAL","CIN",16,23
"2014_01_BUF_CHI",2014,"2014-09-07","CHI","BUF",20,23
"2014_01_WAS_HOU",2014,"2014-09-07","HOU","WAS",17,6
"2014_01_TEN_KC",2014,"2014-09-07","KC","TEN",10,26
"2014_01_NE_MIA",2014,"2014-09-07","MIA","NE",33,20
"2014_01_OAK_NYJ",2014,"2014-09-07","NYJ","OAK",19,14
"2014_01_JAX_PHI",2014,"2014-09-07","PHI","JAX",34,17
"2014_01_CLE_PIT",2014,"2014-09-07","PIT","CLE",30,27
"2014_01_MIN_STL",2014,"2014-09-07","STL","MIN",6,34
"2014_01_SF_DAL",2014,"2014-09-07","DAL","SF",17,28
"2014_01_CAR_TB",2014,"2014-09-07","TB","CAR",14,20
"2014_01_IND_DEN",2014,"2014-09-07","DEN","IND",31,24
"2014_01_NYG_DET",2014,"2014-09-08","DET","NYG",35,14
"2014_01_SD_ARI",2014,"2014-09-08","ARI","SD",18,17
"2015_01_PIT_NE",2015,"2015-09-10","NE","PIT",28,21
"2015_01_IND_BUF",2015,"2015-09-13","BUF","IND",27,14
"2015_01_GB_CHI",2015,"2015-09-13","CHI","GB",23,31
"2015_01_KC_HOU",2015,"2015-09-13","HOU","KC",20,27
"2015_01_CAR_JAX",2015,"2015-09-13","JAX","CAR",9,20
"2015_01_CLE_NYJ",2015,"2015-09-13","NYJ","CLE",31,10
"2015_01_SEA_STL",2015,"2015-09-13","STL","SEA",34,31
"2015_01_MIA_WAS",2015,"2015-09-13","WAS","MIA",10,17
"2015_01_NO_ARI",2015,"2015-09-13","ARI","NO",31,19
"2015_01_DET_SD",2015,"2015-09-13","SD","DET",33,28
"2015_01_BAL_DEN",2015,"2015-09-13","DEN","BAL",19,13
"2015_01_CIN_OAK",2015,"2015-09-13","OAK","CIN",13,33
"2015_01_TEN_TB",2015,"2015-09-13","TB","TEN",14,42
"2015_01_NYG_DAL",2015,"2015-09-13","DAL","NYG",27,26
"2015_01_PHI_ATL",2015,"2015-09-14","ATL","PHI",26,24
"2015_01_MIN_SF",2015,"2015-09-14","SF","MIN",20,3
"2016_01_CAR_DEN",2016,"2016-09-08","DEN","CAR",21,20
"2016_01_TB_ATL",2016,"2016-09-11","ATL","TB",24,31
"2016_01_BUF_BAL",2016,"2016-09-11","BAL","BUF",13,7
"2016_01_CHI_HOU",2016,"2016-09-11","HOU","CHI",23,14
"2016_01_GB_JAX",2016,"2016-09-11","JAX","GB",23,27
"2016_01_SD_KC",2016,"2016-09-11","KC","SD",33,27
"2016_01_OAK_NO",2016,"2016-09-11","NO","OAK",34,35
"2016_01_CIN_NYJ",2016,"2016-09-11","NYJ","CIN",22,23
"2016_01_CLE_PHI",2016,"2016-09-11","PHI","CLE",29,10
"2016_01_MIN_TEN",2016,"2016-09-11","TEN","MIN",16,25
"2016_01_MIA_SEA",2016,"2016-09-11","SEA","MIA",12,10
"2016_01_NYG_DAL",2016,"2016-09-11","DAL","NYG",19,20
"2016_01_DET_IND",2016,"2016-09-11","IND","DET",35,39
"2016_01_NE_ARI",2016,"2016-09-11","ARI","NE",21,23
"2016_01_PIT_WAS",2016,"2016-09-12","WAS","PIT",16,38
"2016_01_LA_SF",2016,"2016-09-12","SF","LA",28,0
"2017_01_KC_NE",2017,"2017-09-07","NE","KC",27,42
"2017_01_NYJ_BUF",2017,"2017-09-10","BUF","NYJ",21,12
"2017_01_ATL_CHI",2017,"2017-09-10","CHI","ATL",17,23
"2017_01_BAL_CIN",2017,"2017-09-10","CIN","BAL",0,20
"2017_01_PIT_CLE",2017,"2017-09-10","CLE","PIT",18,21
"2017_01_ARI_DET",2017,"2017-09-10","DET","ARI",35,23
"2017_01_JAX_HOU",2017,"2017-09-10","HOU","JAX",7,29
"2017_01_OAK_TEN",2017,"2017-09-10","TEN","OAK",16,26
"2017_01_PHI_WAS",2017,"2017-09-10","WAS","PHI",17,30
"2017_01_IND_LA",2017,"2017-09-10","LA","IND",46,9
"2017_01_SEA_GB",2017,"2017-09-10","GB","SEA",17,9
"2017_01_CAR_SF",2017,"2017-09-10","SF","CAR",3,23
"2017_01_NYG_DAL",2017,"2017-09-10","DAL","NYG",19,3
"2017_01_NO_MIN",2017,"2017-09-11","MIN","NO",29,19
"2017_01_LAC_DEN",2017,"2017-09-11","DEN","LAC",24,21
"2018_01_ATL_PHI",2018,"2018-09-06","PHI","ATL",18,12
"2018_01_BUF_BAL",2018,"2018-09-09","BAL","BUF",47,3
"2018_01_PIT_CLE",2018,"2018-09-09","CLE","PIT",21,21
"2018_01_CIN_IND",2018,"2018-09-09","IND","CIN",23,34
"2018_01_TEN_MIA",2018,"2018-09-09","MIA","TEN",27,20
"2018_01_SF_MIN",2018,"2018-09-09","MIN","SF",24,16
"2018_01_HOU_NE",2018,"2018-09-09","NE","HOU",27,20
"2018_01_TB_NO",2018,"2018-09-09","NO","TB",40,48
"2018_01_JAX_NYG",2018,"2018-09-09","NYG","JAX",15,20
"2018_01_KC_LAC",2018,"2018-09-09","LAC","KC",28,38
"2018_01_WAS_ARI",2018,"2018-09-09","ARI","WAS",6,24
"2018_01_DAL_CAR",2018,"2018-09-09","CAR","DAL",16,8
"2018_01_SEA_DEN",2018,"2018-09-09","DEN","SEA",27,24
"2018_01_CHI_GB",2018,"2018-09-09","GB","CHI",24,23
"2018_01_NYJ_DET",2018,"2018-09-10","DET","NYJ",17,48
"2018_01_LA_OAK",2018,"2018-09-10","OAK","LA",13,33
"2019_01_GB_CHI",2019,"2019-09-05","CHI","GB",3,10
"2019_01_LA_CAR",2019,"2019-09-08","CAR","LA",27,30
"2019_01_TEN_CLE",2019,"2019-09-08","CLE","TEN",13,43
"2019_01_KC_JAX",2019,"2019-09-08","JAX","KC",26,40
"2019_01_BAL_MIA",2019,"2019-09-08","MIA","BAL",10,59
"2019_01_ATL_MIN",2019,"2019-09-08","MIN","ATL",28,12
"2019_01_BUF_NYJ",2019,"2019-09-08","NYJ","BUF",16,17
"2019_01_WAS_PHI",2019,"2019-09-08","PHI","WAS",32,27
"2019_01_IND_LAC",2019,"2019-09-08","LAC","IND",30,24
"2019_01_CIN_SEA",2019,"2019-09-08","SEA","CIN",21,20
"2019_01_DET_ARI",2019,"2019-09-08","ARI","DET",27,27
"2019_01_NYG_DAL",2019,"2019-09-08","DAL","NYG",35,17
"2019_01_SF_TB",2019,"2019-09-08","TB","SF",17,31
"2019_01_PIT_NE",2019,"2019-09-08","NE","PIT",33,3
"2019_01_HOU_NO",2019,"2019-09-09","NO","HOU",30,28
"2019_01_DEN_OAK",2019,"2019-09-09","OAK","DEN",24,16
"2020_01_HOU_KC",2020,"2020-09-10","KC","HOU",34,20
"2020_01_SEA_ATL",2020,"2020-09-13","ATL","SEA",25,38
"2020_01_CLE_BAL",2020,"2020-09-13","BAL","CLE",38,6
"2020_01_NYJ_BUF",2020,"2020-09-13","BUF","NYJ",27,17
"2020_01_LV_CAR",2020,"2020-09-13","CAR","LV",30,34
"2020_01_CHI_DET",2020,"2020-09-13","DET","CHI",23,27
"2020_01_IND_JAX",2020,"2020-09-13","JAX","IND",27,20
"2020_01_GB_MIN",2020,"2020-09-13","MIN","GB",34,43
"2020_01_MIA_NE",2020,"2020-09-13","NE","MIA",21,11
"2020_01_PHI_WAS",2020,"2020-09-13","WAS","PHI",27,17
"2020_01_LAC_CIN",2020,"2020-09-13","CIN","LAC",13,16
"2020_01_TB_NO",2020,"2020-09-13","NO","TB",34,23
"2020_01_ARI_SF",2020,"2020-09-13","SF","ARI",20,24
"2020_01_DAL_LA",2020,"2020-09-13","LA","DAL",20,17
"2020_01_PIT_NYG",2020,"2020-09-14","NYG","PIT",16,26
"2020_01_TEN_DEN",2020,"2020-09-14","DEN","TEN",14,16
"2021_01_DAL_TB",2021,"2021-09-09","TB","DAL",31,29
"2021_01_PHI_ATL",2021,"2021-09-12","ATL","PHI",6,32
"2021_01_PIT_BUF",2021,"2021-09-12","BUF","PIT",16,23
"2021_01_NYJ_CAR",2021,"2021-09-12","CAR","NYJ",19,14
"2021_01_MIN_CIN",2021,"2021-09-12","CIN","MIN",27,24
"2021_01_SF_DET",2021,"2021-09-12","DET","SF",33,41
"2021_01_JAX_HOU",2021,"2021-09-12","HOU","JAX",37,21
"2021_01_SEA_IND",2021,"2021-09-12","IND","SEA",16,28
"2021_01_ARI_TEN",2021,"2021-09-12","TEN","ARI",13,38
"2021_01_LAC_WAS",2021,"2021-09-12","WAS","LAC",16,20
"2021_01_CLE_KC",2021,"2021-09-12","KC","CLE",33,29
"2021_01_MIA_NE",2021,"2021-09-12","NE","MIA",16,17
"2021_01_GB_NO",2021,"2021-09-12","NO","GB",38,3
"2021_01_DEN_NYG",2021,"2021-09-12","NYG","DEN",13,27
"2021_01_CHI_LA",2021,"2021-09-12","LA","CHI",34,14
"2021_01_BAL_LV",2021,"2021-09-13","LV","BAL",33,27
"2022_01_BUF_LA",2022,"2022-09-08","LA","BUF",10,31
"2022_01_NO_ATL",2022,"2022-09-11","ATL","NO",26,27
"2022_01_CLE_CAR",2022,"2022-09-11","CAR","CLE",24,26
"2022_01_SF_CHI",2022,"2022-09-11","CHI","SF",19,10
"2022_01_PIT_CIN",2022,"2022-09-11","CIN","PIT",20,23
"2022_01_PHI_DET",2022,"2022-09-11","DET","PHI",35,38
"2022_01_IND_HOU",2022,"2022-09-11","HOU","IND",20,20
"2022_01_NE_MIA",2022,"2022-09-11","MIA","NE",20,7
"2022_01_BAL_NYJ",2022,"2022-09-11","NYJ","BAL",9,24
"2022_01_JAX_WAS",2022,"2022-09-11","WAS","JAX",28,22
"2022_01_KC_ARI",2022,"2022-09-11","ARI","KC",21,44
"2022_01_LV_LAC",2022,"2022-09-11","LAC","LV",24,19
"2022_01_GB_MIN",2022,"2022-09-11","MIN","GB",23,7
"2022_01_NYG_TEN",2022,"2022-09-11","TEN","NYG",20,21
"2022_01_TB_DAL",2022,"2022-09-11","DAL","TB",3,19
"2022_01_DEN_SEA",2022,"2022-09-12","SEA","DEN",17,16
"2023_01_DET_KC",2023,"2023-09-07","KC","DET",20,21
"2023_01_CAR_ATL",2023,"2023-09-10","ATL","CAR",24,10
"2023_01_HOU_BAL",2023,"2023-09-10","BAL","HOU",25,9
"2023_01_CIN_CLE",2023,"2023-09-10","CLE","CIN",24,3
"2023_01_JAX_IND",2023,"2023-09-10","IND","JAX",21,31
"2023_01_TB_MIN",2023,"2023-09-10","MIN","TB",17,20
"2023_01_TEN_NO",2023,"2023-09-10","NO","TEN",16,15
"2023_01_SF_PIT",2023,"2023-09-10","PIT","SF",7,30
"2023_01_ARI_WAS",2023,"2023-09-10","WAS","ARI",20,16
"2023_01_GB_CHI",2023,"2023-09-10","CHI","GB",20,38
"2023_01_LV_DEN",2023,"2023-09-10","DEN","LV",16,17
"2023_01_MIA_LAC",2023,"2023-09-10","LAC","MIA",34,36
"2023_01_PHI_NE",2023,"2023-09-10","NE","PHI",20,25
"2023_01_LA_SEA",2023,"2023-09-10","SEA","LA",13,30
"2023_01_DAL_NYG",2023,"2023-09-10","NYG","DAL",0,40
"2023_01_BUF_NYJ",2023,"2023-09-11","NYJ","BUF",22,16
"2024_01_BAL_KC",2024,"2024-09-05","KC","BAL",27,20
"2024_01_GB_PHI",2024,"2024-09-06","PHI","GB",34,29
"2024_01_PIT_ATL",2024,"2024-09-08","ATL","PIT",10,18
"2024_01_ARI_BUF",2024,"2024-09-08","BUF","ARI",34,28
"2024_01_TEN_CHI",2024,"2024-09-08","CHI","TEN",24,17
"2024_01_NE_CIN",2024,"2024-09-08","CIN","NE",10,16
"2024_01_HOU_IND",2024,"2024-09-08","IND","HOU",27,29
"2024_01_JAX_MIA",2024,"2024-09-08","MIA","JAX",20,17
"2024_01_CAR_NO",2024,"2024-09-08","NO","CAR",47,10
"2024_01_MIN_NYG",2024,"2024-09-08","NYG","MIN",6,28
"2024_01_LV_LAC",2024,"2024-09-08","LAC","LV",22,10
"2024_01_DEN_SEA",2024,"2024-09-08","SEA","DEN",26,20
"2024_01_DAL_CLE",2024,"2024-09-08","CLE","DAL",17,33
"2024_01_WAS_TB",2024,"2024-09-08","TB","WAS",37,20
"2024_01_LA_DET",2024,"2024-09-08","DET","LA",26,20
"2024_01_NYJ_SF",2024,"2024-09-09","SF","NYJ",32,19
"2025_01_DAL_PHI",2025,"2025-09-04","PHI","DAL",24,20
"2025_01_KC_LAC",2025,"2025-09-05","LAC","KC",27,21
"2025_01_TB_ATL",2025,"2025-09-07","ATL","TB",20,23
"2025_01_CIN_CLE",2025,"2025-09-07","CLE","CIN",16,17
"2025_01_MIA_IND",2025,"2025-09-07","IND","MIA",33,8
"2025_01_CAR_JAX",2025,"2025-09-07","JAX","CAR",26,10
"2025_01_LV_NE",2025,"2025-09-07","NE","LV",13,20
"2025_01_ARI_NO",2025,"2025-09-07","NO","ARI",13,20
"2025_01_PIT_NYJ",2025,"2025-09-07","NYJ","PIT",32,34
"2025_01_NYG_WAS",2025,"2025-09-07","WAS","NYG",21,6
"2025_01_TEN_DEN",2025,"2025-09-07","DEN","TEN",20,12
"2025_01_SF_SEA",2025,"2025-09-07","SEA","SF",13,17
"2025_01_DET_GB",2025,"2025-09-07","GB","DET",27,13
"2025_01_HOU_LA",2025,"2025-09-07","LA","HOU",14,9
"2025_01_BAL_BUF",2025,"2025-09-07","BUF","BAL",41,40
"2025_01_MIN_CHI",2025,"2025-09-08","CHI","MIN",24,27
"2026_01_NE_SEA",2026,"2026-09-09","SEA","NE",13,10
"2026_01_SF_LA",2026,"2026-09-10","LA","SF",7,27
"2026_01_CHI_CAR",2026,"2026-09-13","CAR","CHI",37,59
"2026_01_TB_CIN",2026,"2026-09-13","CIN","TB",33,27
"2026_01_NO_DET",2026,"2026-09-13","DET","NO",31,30
"2026_01_BUF_HOU",2026,"2026-09-13","HOU","BUF",31,36
"2026_01_BAL_IND",2026,"2026-09-13","IND","BAL",23,41
"2026_01_CLE_JAX",2026,"2026-09-13","JAX","CLE",34,10
"2026_01_ATL_PIT",2026,"2026-09-13","PIT","ATL",20,13
"2026_01_NYJ_TEN",2026,"2026-09-13","TEN","NYJ",10,23
"2026_01_ARI_LAC",2026,"2026-09-13","LAC","ARI",14,26
"2026_01_MIA_LV",2026,"2026-09-13","LV","MIA",27,13
"2026_01_GB_MIN",2026,"2026-09-13","MIN","GB",39,22
"2026_01_WAS_PHI",2026,"2026-09-13","PHI","WAS",24,22
"2026_01_DAL_NYG",2026,"2026-09-13","NYG","DAL",28,20
"2026_01_DEN_KC",2026,"2026-09-14","KC","DEN",31,10
