"game_id","posteam","starter_id","starter_name"
"2024_01_BAL_KC","KC","00-0033873","Patrick Mahomes"
"2024_01_GB_PHI","PHI","00-0036389","Jalen Hurts"
"2024_01_PIT_ATL","ATL","00-0029604","Kirk Cousins"
"2024_01_ARI_BUF","BUF","00-0034857","Josh Allen"
"2024_01_TEN_CHI","CHI","00-0039918","Caleb Williams"
"2024_01_NE_CIN","CIN","00-0036442","Joe Burrow"
"2024_01_HOU_IND","IND","00-0039164","Anthony Richardson"
"2024_01_JAX_MIA","MIA","00-0036212","Tua Tagovailoa"
"2024_01_CAR_NO","NO","00-0031280","Derek Carr"
"2024_01_MIN_NYG","NYG","00-0035710","Daniel Jones"
"2024_01_LV_LAC","LAC","00-0036355","Justin Herbert"
"2024_01_DEN_SEA","SEA","00-0030565","Geno Smith"
"2024_01_DAL_CLE","CLE","00-0033537","Deshaun Watson"
"2024_01_WAS_TB","TB","00-0034855","Baker Mayfield"
"2024_01_LA_DET","DET","00-0033106","Jared Goff"
"2024_01_NYJ_SF","SF","00-0037834","Brock Purdy"
"2024_02_BUF_MIA","MIA","00-0036212","Tua Tagovailoa"
"2024_02_LV_BAL","BAL","00-0034796","Lamar Jackson"
"2024_02_LAC_CAR","CAR","00-0039150","Bryce Young"
"2024_02_NO_DAL","DAL","00-0033077","Dak Prescott"
"2024_02_TB_DET","DET","00-0033106","Jared Goff"
"2024_02_IND_GB","GB","00-0038128","Malik Willis"
"2024_02_CLE_JAX","JAX","00-0036971","Trevor Lawrence"
"2024_02_SF_MIN","MIN","00-0034869","Sam Darnold"
"2024_02_SEA_NE","NE","00-0033119","Jacoby Brissett"
"2024_02_NYJ_TEN","TEN","00-0039152","Will Levis"
"2024_02_NYG_WAS","WAS","00-0039910","Jayden Daniels"
"2024_02_LA_ARI","ARI","00-0035228","Kyler Murray"
"2024_02_PIT_DEN","DEN","00-0039732","Bo Nix"
"2024_02_CIN_KC","KC","00-0033873","Patrick Mahomes"
"2024_02_CHI_HOU","HOU","00-0039163","C.J. Stroud"
"2024_02_ATL_PHI","PHI","00-0036389","Jalen Hurts"
"2024_03_NE_NYJ","NYJ","00-0023459","Aaron Rodgers"
"2024_03_NYG_CLE","CLE","00-0033537","Deshaun Watson"
"2024_03_CHI_IND","IND","00-0039164","Anthony Richardson"
"2024_03_HOU_MIN","MIN","00-0034869","Sam Darnold"
"2024_03_PHI_NO","NO","00-0031280","Derek Carr"
"2024_03_LAC_PIT","PIT","00-0036945","Justin Fields"
"2024_03_DEN_TB","TB","00-0034855","Baker Mayfield"
"2024_03_GB_TEN","TEN","00-0039152","Will Levis"
"2024_03_CAR_LV","LV","00-0035289","Gardner Minshew"
"2024_03_MIA_SEA","SEA","00-0030565","Geno Smith"
"2024_03_DET_ARI","ARI","00-0035228","Kyler Murray"
"2024_03_BAL_DAL","DAL","00-0033077","Dak Prescott"
"2024_03_SF_LA","LA","00-0026498","Matthew Stafford"
"2024_03_KC_ATL","ATL","00-0029604","Kirk Cousins"
"2024_03_JAX_BUF","BUF","00-0034857","Josh Allen"
"2024_03_WAS_CIN","CIN","00-0036442","Joe Burrow"
"2024_04_DAL_NYG","NYG","00-0035710","Daniel Jones"
"2024_04_NO_ATL","ATL","00-0029604","Kirk Cousins"
"2024_04_CIN_CAR","CAR","00-0027973","Andy Dalton"
"2024_04_LA_CHI","CHI","00-0039918","Caleb Williams"
"2024_04_MIN_GB","GB","00-0036264","Jordan Love"
"2024_04_JAX_HOU","HOU","00-0039163","C.J. Stroud"
"2024_04_PIT_IND","IND","00-0039164","Anthony Richardson"
"2024_04_DEN_NYJ","NYJ","00-0023459","Aaron Rodgers"
"2024_04_PHI_TB","TB","00-0034855","Baker Mayfield"
"2024_04_WAS_ARI","ARI","00-0035228","Kyler Murray"
"2024_04_NE_SF","SF","00-0037834","Brock Purdy"
"2024_04_KC_LAC","LAC","00-0036355","Justin Herbert"
"2024_04_CLE_LV","LV","00-0035289","Gardner Minshew"
"2024_04_BUF_BAL","BAL","00-0034796","Lamar Jackson"
"2024_04_TEN_MIA","MIA","00-0035993","Tyler Huntley"
"2024_04_SEA_DET","DET","00-0033106","Jared Goff"
"2024_05_TB_ATL","ATL","00-0029604","Kirk Cousins"
"2024_05_NYJ_MIN","MIN","00-0034869","Sam Darnold"
"2024_05_CAR_CHI","CHI","00-0039918","Caleb Williams"
"2024_05_BAL_CIN","CIN","00-0036442","Joe Burrow"
"2024_05_BUF_HOU","HOU","00-0039163","C.J. Stroud"
"2024_05_IND_JAX","JAX","00-0036971","Trevor Lawrence"
"2024_05_MIA_NE","NE","00-0033119","Jacoby Brissett"
"2024_05_CLE_WAS","WAS","00-0039910","Jayden Daniels"
"2024_05_LV_DEN","DEN","00-0039732","Bo Nix"
"2024_05_ARI_SF","SF","00-0037834","Brock Purdy"
"2024_05_GB_LA","LA","00-0026498","Matthew Stafford"
"2024_05_NYG_SEA","SEA","00-0030565","Geno Smith"
"2024_05_DAL_PIT","PIT","00-0036945","Justin Fields"
"2024_05_NO_KC","KC","00-0033873","Patrick Mahomes"
"2024_06_SF_SEA","SEA","00-0030565","Geno Smith"
"2024_06_JAX_CHI","CHI","00-0039918","Caleb Williams"
"2024_06_WAS_BAL","BAL","00-0034796","Lamar Jackson"
"2024_06_ARI_GB","GB","00-0036264","Jordan Love"
"2024_06_HOU_NE","NE","00-0039851","Drake Maye"
"2024_06_TB_NO","NO","00-0039376","Spencer Rattler"
"2024_06_CLE_PHI","PHI","00-0036389","Jalen Hurts"
"2024_06_IND_TEN","TEN","00-0039152","Will Levis"
"2024_06_LAC_DEN","DEN","00-0039732","Bo Nix"
"2024_06_PIT_LV","LV","00-0038579","Aidan O'Connell"
"2024_06_ATL_CAR","CAR","00-0027973","Andy Dalton"
"2024_06_DET_DAL","DAL","00-0033077","Dak Prescott"
"2024_06_CIN_NYG","NYG","00-0035710","Daniel Jones"
"2024_06_BUF_NYJ","NYJ","00-0023459","Aaron Rodgers"
"2024_07_DEN_NO","NO","00-0039376","Spencer Rattler"
"2024_07_NE_JAX","JAX","00-0036971","Trevor Lawrence"
"2024_07_SEA_ATL","ATL","00-0029604","Kirk Cousins"
"2024_07_TEN_BUF","BUF","00-0034857","Josh Allen"
"2024_07_CIN_CLE","CLE","00-0033537","Deshaun Watson"
"2024_07_HOU_GB","GB","00-0036264","Jordan Love"
"2024_07_MIA_IND","IND","00-0039164","Anthony Richardson"
"2024_07_DET_MIN","MIN","00-0034869","Sam Darnold"
"2024_07_PHI_NYG","NYG","00-0035710","Daniel Jones"
"2024_07_LV_LA","LA","00-0026498","Matthew Stafford"
"2024_07_CAR_WAS","WAS","00-0039910","Jayden Daniels"
"2024_07_KC_SF","SF","00-0037834","Brock Purdy"
"2024_07_NYJ_PIT","PIT","00-0029263","Russell Wilson"
"2024_07_BAL_TB","TB","00-0034855","Baker Mayfield"
"2024_07_LAC_ARI","ARI","00-0035228","Kyler Murray"
"2024_08_MIN_LA","LA","00-0026498","Matthew Stafford"
"2024_08_PHI_CIN","CIN","00-0036442","Joe Burrow"
"2024_08_BAL_CLE","CLE","00-0031503","Jameis Winston"
"2024_08_TEN_DET","DET","00-0033106","Jared Goff"
"2024_08_IND_HOU","HOU","00-0039163","C.J. Stroud"
"2024_08_GB_JAX","JAX","00-0036971","Trevor Lawrence"
"2024_08_ARI_MIA","MIA","00-0034177","Tim Boyle"
"2024_08_NYJ_NE","NE","00-0039851","Drake Maye"
"2024_08_ATL_TB","TB","00-0034855","Baker Mayfield"
"2024_08_NO_LAC","LAC","00-0036355","Justin Herbert"
"2024_08_BUF_SEA","SEA","00-0030565","Geno Smith"
"2024_08_CAR_DEN","DEN","00-0039732","Bo Nix"
"2024_08_KC_LV","LV","00-0038579","Aidan O'Connell"
"2024_08_CHI_WAS","WAS","00-0039910","Jayden Daniels"
"2024_08_DAL_SF","SF","00-0037834","Brock Purdy"
"2024_08_NYG_PIT","PIT","00-0029263","Russell Wilson"
"2024_09_HOU_NYJ","NYJ","00-0023459","Aaron Rodgers"
"2024_09_DAL_ATL","ATL","00-0029604","Kirk Cousins"
"2024_09_DEN_BAL","BAL","00-0034796","Lamar Jackson"
"2024_09_MIA_BUF","BUF","00-0034857","Josh Allen"
"2024_09_NO_CAR","CAR","00-0039150","Bryce Young"
"2024_09_LV_CIN","CIN","00-0036442","Joe Burrow"
"2024_09_LAC_CLE","CLE","00-0031503","Jameis Winston"
"2024_09_WAS_NYG","NYG","00-0035710","Daniel Jones"
"2024_09_NE_TEN","TEN","00-0034771","Mason Rudolph"
"2024_09_CHI_ARI","ARI","00-0035228","Kyler Murray"
"2024_09_JAX_PHI","PHI","00-0036389","Jalen Hurts"
"2024_09_DET_GB","GB","00-0036264","Jordan Love"
"2024_09_LA_SEA","SEA","00-0030565","Geno Smith"
"2024_09_IND_MIN","MIN","00-0034869","Sam Darnold"
"2024_09_TB_KC","KC","00-0033873","Patrick Mahomes"
"2024_10_CIN_BAL","BAL","00-0034796","Lamar Jackson"
"2024_10_NYG_CAR","CAR","00-0027973","Andy Dalton"
"2024_10_NE_CHI","CHI","00-0039918","Caleb Williams"
"2024_10_BUF_IND","IND","00-0026158","Joe Flacco"
"2024_10_MIN_JAX","JAX","00-0036972","Mac Jones"
"2024_10_DEN_KC","KC","00-0033873","Patrick Mahomes"
"2024_10_ATL_NO","NO","00-0031280","Derek Carr"
"2024_10_SF_TB","TB","00-0034855","Baker Mayfield"
"2024_10_PIT_WAS","WAS","00-0032268","Marcus Mariota"
"2024_10_TEN_LAC","LAC","00-0036355","Justin Herbert"
"2024_10_NYJ_ARI","ARI","00-0035228","Kyler Murray"
"2024_10_PHI_DAL","DAL","00-0033662","Cooper Rush"
"2024_10_DET_HOU","HOU","00-0039163","C.J. Stroud"
"2024_10_MIA_LA","LA","00-0026498","Matthew Stafford"
"2024_11_WAS_PHI","PHI","00-0036389","Jalen Hurts"
"2024_11_GB_CHI","CHI","00-0039918","Caleb Williams"
"2024_11_JAX_DET","DET","00-0033106","Jared Goff"
"2024_11_LV_MIA","MIA","00-0036212","Tua Tagovailoa"
"2024_11_LA_NE","NE","00-0039851","Drake Maye"
"2024_11_CLE_NO","NO","00-0031280","Derek Carr"
"2024_11_IND_NYJ","NYJ","00-0023459","Aaron Rodgers"
"2024_11_BAL_PIT","PIT","00-0029263","Russell Wilson"
"2024_11_MIN_TEN","TEN","00-0034771","Mason Rudolph"
"2024_11_ATL_DEN","DEN","00-0039732","Bo Nix"
"2024_11_SEA_SF","SF","00-0037834","Brock Purdy"
"2024_11_KC_BUF","BUF","00-0034857","Josh Allen"
"2024_11_CIN_LAC","LAC","00-0036355","Justin Herbert"
"2024_11_HOU_DAL","DAL","00-0033662","Cooper Rush"
"2024_12_PIT_CLE","CLE","00-0031503","Jameis Winston"
"2024_12_KC_CAR","CAR","00-0027973","Andy Dalton"
"2024_12_MIN_CHI","CHI","00-0039918","Caleb Williams"
"2024_12_TEN_HOU","HOU","00-0039163","C.J. Stroud"
"2024_12_DET_IND","IND","00-0026158","Joe Flacco"
"2024_12_NE_MIA","MIA","00-0036212","Tua Tagovailoa"
"2024_12_TB_NYG","NYG","00-0038476","Tommy DeVito"
"2024_12_DAL_WAS","WAS","00-0032268","Marcus Mariota"
"2024_12_DEN_LV","LV","00-0035289","Gardner Minshew"
"2024_12_SF_GB","GB","00-0036264","Jordan Love"
"2024_12_ARI_SEA","SEA","00-0030565","Geno Smith"
"2024_12_PHI_LA","LA","00-0026498","Matthew Stafford"
"2024_12_BAL_LAC","LAC","00-0036355","Justin Herbert"
"2024_13_CHI_DET","DET","00-0033106","Jared Goff"
"2024_13_NYG_DAL","DAL","00-0033662","Cooper Rush"
"2024_13_MIA_GB","GB","00-0036264","Jordan Love"
"2024_13_LV_KC","KC","00-0033873","Patrick Mahomes"
"2024_13_LAC_ATL","ATL","00-0029604","Kirk Cousins"
"2024_13_PIT_CIN","CIN","00-0036442","Joe Burrow"
"2024_13_HOU_JAX","JAX","00-0036971","Trevor Lawrence"
"2024_13_ARI_MIN","MIN","00-0034869","Sam Darnold"
"2024_13_IND_NE","NE","00-0039851","Drake Maye"
"2024_13_SEA_NYJ","NYJ","00-0023459","Aaron Rodgers"
"2024_13_TEN_WAS","WAS","00-0032268","Marcus Mariota"
"2024_13_TB_CAR","CAR","00-0027973","Andy Dalton"
"2024_13_LA_NO","NO","00-0031280","Derek Carr"
"2024_13_PHI_BAL","BAL","00-0034796","Lamar Jackson"
"2024_13_SF_BUF","BUF","00-0034857","Josh Allen"
"2024_13_CLE_DEN","DEN","00-0039732","Bo Nix"
"2024_14_GB_DET","DET","00-0033106","Jared Goff"
"2024_14_NYJ_MIA","MIA","00-0036212","Tua Tagovailoa"
"2024_14_ATL_MIN","MIN","00-0034869","Sam Darnold"
"2024_14_NO_NYG","NYG","00-0038476","Tommy DeVito"
"2024_14_CAR_PHI","PHI","00-0036389","Jalen Hurts"
"2024_14_CLE_PIT","PIT","00-0029263","Russell Wilson"
"2024_14_LV_TB","TB","00-0034855","Baker Mayfield"
"2024_14_JAX_TEN","TEN","00-0034771","Mason Rudolph"
"2024_14_SEA_ARI","ARI","00-0035228","Kyler Murray"
"2024_14_BUF_LA","LA","00-0026498","Matthew Stafford"
"2024_14_CHI_SF","SF","00-0037834","Brock Purdy"
"2024_14_LAC_KC","KC","00-0033873","Patrick Mahomes"
"2024_14_CIN_DAL","DAL","00-0033662","Cooper Rush"
"2024_15_LA_SF","SF","00-0037834","Brock Purdy"
"2024_15_DAL_CAR","CAR","00-0039150","Bryce Young"
"2024_15_KC_CLE","CLE","00-0031503","Jameis Winston"
"2024_15_MIA_HOU","HOU","00-0039163","C.J. Stroud"
"2024_15_NYJ_JAX","JAX","00-0036972","Mac Jones"
"2024_15_WAS_NO","NO","00-0038998","Jake Haener"
"2024_15_BAL_NYG","NYG","00-0038476","Tommy DeVito"
"2024_15_CIN_TEN","TEN","00-0039152","Will Levis"
"2024_15_NE_ARI","ARI","00-0035228","Kyler Murray"
"2024_15_IND_DEN","DEN","00-0039732","Bo Nix"
"2024_15_BUF_DET","DET","00-0033106","Jared Goff"
"2024_15_TB_LAC","LAC","00-0036355","Justin Herbert"
"2024_15_PIT_PHI","PHI","00-0036389","Jalen Hurts"
"2024_15_GB_SEA","SEA","00-0030565","Geno Smith"
"2024_15_CHI_MIN","MIN","00-0034869","Sam Darnold"
"2024_15_ATL_LV","LV","00-0038579","Aidan O'Connell"
"2024_16_DEN_LAC","LAC","00-0036355","Justin Herbert"
"2024_16_HOU_KC","KC","00-0033873","Patrick Mahomes"
"2024_16_PIT_BAL","BAL","00-0034796","Lamar Jackson"
"2024_16_NYG_ATL","ATL","00-0039917","Michael Penix Jr."
"2024_16_ARI_CAR","CAR","00-0039150","Bryce Young"
"2024_16_DET_CHI","CHI","00-0039918","Caleb Williams"
"2024_16_CLE_CIN","CIN","00-0036442","Joe Burrow"
"2024_16_TEN_IND","IND","00-0026158","Joe Flacco"
"2024_16_LA_NYJ","NYJ","00-0023459","Aaron Rodgers"
"2024_16_PHI_WAS","WAS","00-0039910","Jayden Daniels"
"2024_16_MIN_SEA","SEA","00-0030565","Geno Smith"
"2024_16_NE_BUF","BUF","00-0034857","Josh Allen"
"2024_16_JAX_LV","LV","00-0038579","Aidan O'Connell"
"2024_16_SF_MIA","MIA","00-0036212","Tua Tagovailoa"
"2024_16_TB_DAL","DAL","00-0033662","Cooper Rush"
"2024_16_NO_GB","GB","00-0036264","Jordan Love"
"2024_17_KC_PIT","PIT","00-0029263","Russell Wilson"
"2024_17_BAL_HOU","HOU","00-0039163","C.J. Stroud"
"2024_17_SEA_CHI","CHI","00-0039918","Caleb Williams"
"2024_17_LAC_NE","NE","00-0039851","Drake Maye"
"2024_17_DEN_CIN","CIN","00-0036442","Joe Burrow"
"2024_17_ARI_LA","LA","00-0026498","Matthew Stafford"
"2024_17_NYJ_BUF","BUF","00-0034857","Josh Allen"
"2024_17_TEN_JAX","JAX","00-0036972","Mac Jones"
"2024_17_LV_NO","NO","00-0038998","Jake Haener"
"2024_17_IND_NYG","NYG","00-0038476","Tommy DeVito"
"2024_17_DAL_PHI","PHI","00-0036389","Jalen Hurts"
"2024_17_CAR_TB","TB","00-0034855","Baker Mayfield"
"2024_17_MIA_CLE","CLE","00-0031503","Jameis Winston"
"2024_17_GB_MIN","MIN","00-0034869","Sam Darnold"
"2024_17_ATL_WAS","WAS","00-0039910","Jayden Daniels"
"2024_17_DET_SF","SF","00-0037834","Brock Purdy"
"2024_18_CLE_BAL","BAL","00-0034796","Lamar Jackson"
"2024_18_CIN_PIT","PIT","00-0029263","Russell Wilson"
"2024_18_CAR_ATL","ATL","00-0039917","Michael Penix Jr."
"2024_18_WAS_DAL","DAL","00-0037012","Trey Lance"
"2024_18_CHI_GB","GB","00-0036264","Jordan Love"
"2024_18_JAX_IND","IND","00-0026158","Joe Flacco"
"2024_18_BUF_NE","NE","00-0039398","Joe Milton III"
"2024_18_NYG_PHI","PHI","00-0038400","Tanner McKee"
"2024_18_NO_TB","TB","00-0034855","Baker Mayfield"
"2024_18_HOU_TEN","TEN","00-0034771","Mason Rudolph"
"2024_18_SF_ARI","ARI","00-0035228","Kyler Murray"
"2024_18_KC_DEN","DEN","00-0039732","Bo Nix"
"2024_18_SEA_LA","LA","00-0031345","Jimmy Garoppolo"
"2024_18_LAC_LV","LV","00-0038579","Aidan O'Connell"
"2024_18_MIA_NYJ","NYJ","00-0023459","Aaron Rodgers"
"2024_18_MIN_DET","DET","00-0033106","Jared Goff"
"2025_01_DAL_PHI","PHI","00-0036389","Jalen Hurts"
"2025_01_KC_LAC","LAC","00-0036355","Justin Herbert"
"2025_01_TB_ATL","ATL","00-0039917","Michael Penix"
"2025_01_CIN_CLE","CLE","00-0026158","Joe Flacco"
"2025_01_MIA_IND","IND","00-0035710","Daniel Jones"
"2025_01_CAR_JAX","JAX","00-0036971","Trevor Lawrence"
"2025_01_LV_NE","NE","00-0039851","Drake Maye"
"2025_01_ARI_NO","NO","00-0039376","Spencer Rattler"
"2025_01_PIT_NYJ","NYJ","00-0036945","Justin Fields"
"2025_01_NYG_WAS","WAS","00-0039910","Jayden Daniels"
"2025_01_TEN_DEN","DEN","00-0039732","Bo Nix"
"2025_01_SF_SEA","SEA","00-0034869","Sam Darnold"
"2025_01_DET_GB","GB","00-0036264","Jordan Love"
"2025_01_HOU_LA","LA","00-0026498","Matthew Stafford"
"2025_01_BAL_BUF","BUF","00-0034857","Josh Allen"
"2025_01_MIN_CHI","CHI","00-0039918","Caleb Williams"
"2025_02_WAS_GB","GB","00-0036264","Jordan Love"
"2025_02_CLE_BAL","BAL","00-0034796","Lamar Jackson"
"2025_02_JAX_CIN","CIN","00-0036442","Joe Burrow"
"2025_02_NYG_DAL","DAL","00-0033077","Dak Prescott"
"2025_02_CHI_DET","DET","00-0033106","Jared Goff"
"2025_02_NE_MIA","MIA","00-0036212","Tua Tagovailoa"
"2025_02_SF_NO","NO","00-0039376","Spencer Rattler"
"2025_02_BUF_NYJ","NYJ","00-0036945","Justin Fields"
"2025_02_SEA_PIT","PIT","00-0023459","Aaron Rodgers"
"2025_02_LA_TEN","TEN","00-0040676","Cam Ward"
"2025_02_CAR_ARI","ARI","00-0035228","Kyler Murray"
"2025_02_DEN_IND","IND","00-0035710","Daniel Jones"
"2025_02_PHI_KC","KC","00-0033873","Patrick Mahomes"
"2025_02_ATL_MIN","MIN","00-0039923","J.J. McCarthy"
"2025_02_TB_HOU","HOU","00-0039163","C.J. Stroud"
"2025_02_LAC_LV","LV","00-0030565","Geno Smith"
"2025_03_MIA_BUF","BUF","00-0034857","Josh Allen"
"2025_03_ATL_CAR","CAR","00-0039150","Bryce Young"
"2025_03_GB_CLE","CLE","00-0026158","Joe Flacco"
"2025_03_HOU_JAX","JAX","00-0036971","Trevor Lawrence"
"2025_03_CIN_MIN","MIN","00-0032950","Carson Wentz"
"2025_03_PIT_NE","NE","00-0039851","Drake Maye"
"2025_03_LA_PHI","PHI","00-0036389","Jalen Hurts"
"2025_03_NYJ_TB","TB","00-0034855","Baker Mayfield"
"2025_03_IND_TEN","TEN","00-0040676","Cam Ward"
"2025_03_LV_WAS","WAS","00-0032268","Marcus Mariota"
"2025_03_DEN_LAC","LAC","00-0036355","Justin Herbert"
"2025_03_NO_SEA","SEA","00-0034869","Sam Darnold"
"2025_03_DAL_CHI","CHI","00-0039918","Caleb Williams"
"2025_03_ARI_SF","SF","00-0036972","Mac Jones"
"2025_03_KC_NYG","NYG","00-0029263","Russell Wilson"
"2025_03_DET_BAL","BAL","00-0034796","Lamar Jackson"
"2025_04_SEA_ARI","ARI","00-0035228","Kyler Murray"
"2025_04_MIN_PIT","PIT","00-0023459","Aaron Rodgers"
"2025_04_WAS_ATL","ATL","00-0039917","Michael Penix"
"2025_04_NO_BUF","BUF","00-0034857","Josh Allen"
"2025_04_CLE_DET","DET","00-0033106","Jared Goff"
"2025_04_TEN_HOU","HOU","00-0039163","C.J. Stroud"
"2025_04_CAR_NE","NE","00-0039851","Drake Maye"
"2025_04_LAC_NYG","NYG","00-0040691","Jaxson Dart"
"2025_04_PHI_TB","TB","00-0034855","Baker Mayfield"
"2025_04_IND_LA","LA","00-0026498","Matthew Stafford"
"2025_04_JAX_SF","SF","00-0037834","Brock Purdy"
"2025_04_BAL_KC","KC","00-0033873","Patrick Mahomes"
"2025_04_CHI_LV","LV","00-0030565","Geno Smith"
"2025_04_GB_DAL","DAL","00-0033077","Dak Prescott"
"2025_04_NYJ_MIA","MIA","00-0036212","Tua Tagovailoa"
"2025_04_CIN_DEN","DEN","00-0039732","Bo Nix"
"2025_05_SF_LA","LA","00-0026498","Matthew Stafford"
"2025_05_MIN_CLE","CLE","00-0040704","Dillon Gabriel"
"2025_05_HOU_BAL","BAL","00-0033662","Cooper Rush"
"2025_05_MIA_CAR","CAR","00-0039150","Bryce Young"
"2025_05_LV_IND","IND","00-0035710","Daniel Jones"
"2025_05_NYG_NO","NO","00-0039376","Spencer Rattler"
"2025_05_DAL_NYJ","NYJ","00-0036945","Justin Fields"
"2025_05_DEN_PHI","PHI","00-0036389","Jalen Hurts"
"2025_05_TEN_ARI","ARI","00-0035228","Kyler Murray"
"2025_05_TB_SEA","SEA","00-0034869","Sam Darnold"
"2025_05_DET_CIN","CIN","00-0035100","Jake Browning"
"2025_05_WAS_LAC","LAC","00-0036355","Justin Herbert"
"2025_05_NE_BUF","BUF","00-0034857","Josh Allen"
"2025_05_KC_JAX","JAX","00-0036971","Trevor Lawrence"
"2025_06_PHI_NYG","NYG","00-0040691","Jaxson Dart"
"2025_06_DEN_NYJ","NYJ","00-0036945","Justin Fields"
"2025_06_LA_BAL","BAL","00-0033662","Cooper Rush"
"2025_06_DAL_CAR","CAR","00-0039150","Bryce Young"
"2025_06_ARI_IND","IND","00-0035710","Daniel Jones"
"2025_06_SEA_JAX","JAX","00-0036971","Trevor Lawrence"
"2025_06_LAC_MIA","MIA","00-0036212","Tua Tagovailoa"
"2025_06_NE_NO","NO","00-0039376","Spencer Rattler"
"2025_06_CLE_PIT","PIT","00-0023459","Aaron Rodgers"
"2025_06_TEN_LV","LV","00-0030565","Geno Smith"
"2025_06_CIN_GB","GB","00-0036264","Jordan Love"
"2025_06_SF_TB","TB","00-0034855","Baker Mayfield"
"2025_06_DET_KC","KC","00-0033873","Patrick Mahomes"
"2025_06_BUF_ATL","ATL","00-0039917","Michael Penix"
"2025_06_CHI_WAS","WAS","00-0039910","Jayden Daniels"
"2025_07_PIT_CIN","CIN","00-0026158","Joe Flacco"
"2025_07_LA_JAX","JAX","00-0036971","Trevor Lawrence"
"2025_07_NO_CHI","CHI","00-0039918","Caleb Williams"
"2025_07_MIA_CLE","CLE","00-0040704","Dillon Gabriel"
"2025_07_LV_KC","KC","00-0033873","Patrick Mahomes"
"2025_07_PHI_MIN","MIN","00-0032950","Carson Wentz"
"2025_07_CAR_NYJ","NYJ","00-0036945","Justin Fields"
"2025_07_NE_TEN","TEN","00-0040676","Cam Ward"
"2025_07_NYG_DEN","DEN","00-0039732","Bo Nix"
"2025_07_IND_LAC","LAC","00-0036355","Justin Herbert"
"2025_07_GB_ARI","ARI","00-0033119","Jacoby Brissett"
"2025_07_WAS_DAL","DAL","00-0033077","Dak Prescott"
"2025_07_ATL_SF","SF","00-0036972","Mac Jones"
"2025_07_TB_DET","DET","00-0033106","Jared Goff"
"2025_07_HOU_SEA","SEA","00-0034869","Sam Darnold"
"2025_08_MIN_LAC","LAC","00-0036355","Justin Herbert"
"2025_08_MIA_ATL","ATL","00-0029604","Kirk Cousins"
"2025_08_CHI_BAL","BAL","00-0035993","Tyler Huntley"
"2025_08_BUF_CAR","CAR","00-0039150","Bryce Young"
"2025_08_NYJ_CIN","CIN","00-0026158","Joe Flacco"
"2025_08_SF_HOU","HOU","00-0039163","C.J. Stroud"
"2025_08_CLE_NE","NE","00-0039851","Drake Maye"
"2025_08_NYG_PHI","PHI","00-0036389","Jalen Hurts"
"2025_08_TB_NO","NO","00-0039376","Spencer Rattler"
"2025_08_DAL_DEN","DEN","00-0039732","Bo Nix"
"2025_08_TEN_IND","IND","00-0035710","Daniel Jones"
"2025_08_GB_PIT","PIT","00-0023459","Aaron Rodgers"
"2025_08_WAS_KC","KC","00-0033873","Patrick Mahomes"
"2025_09_BAL_MIA","MIA","00-0036212","Tua Tagovailoa"
"2025_09_CHI_CIN","CIN","00-0026158","Joe Flacco"
"2025_09_MIN_DET","DET","00-0033106","Jared Goff"
"2025_09_CAR_GB","GB","00-0036264","Jordan Love"
"2025_09_DEN_HOU","HOU","00-0039163","C.J. Stroud"
"2025_09_ATL_NE","NE","00-0039851","Drake Maye"
"2025_09_SF_NYG","NYG","00-0040691","Jaxson Dart"
"2025_09_IND_PIT","PIT","00-0023459","Aaron Rodgers"
"2025_09_LAC_TEN","TEN","00-0040676","Cam Ward"
"2025_09_NO_LA","LA","00-0026498","Matthew Stafford"
"2025_09_JAX_LV","LV","00-0030565","Geno Smith"
"2025_09_KC_BUF","BUF","00-0034857","Josh Allen"
"2025_09_SEA_WAS","WAS","00-0039910","Jayden Daniels"
"2025_09_ARI_DAL","DAL","00-0033077","Dak Prescott"
"2025_10_LV_DEN","DEN","00-0039732","Bo Nix"
"2025_10_ATL_IND","IND","00-0035710","Daniel Jones"
"2025_10_NO_CAR","CAR","00-0039150","Bryce Young"
"2025_10_NYG_CHI","CHI","00-0039918","Caleb Williams"
"2025_10_JAX_HOU","HOU","00-0036898","Davis Mills"
"2025_10_BUF_MIA","MIA","00-0036212","Tua Tagovailoa"
"2025_10_BAL_MIN","MIN","00-0039923","J.J. McCarthy"
"2025_10_CLE_NYJ","NYJ","00-0028118","Tyrod Taylor"
"2025_10_NE_TB","TB","00-0034855","Baker Mayfield"
"2025_10_ARI_SEA","SEA","00-0034869","Sam Darnold"
"2025_10_LA_SF","SF","00-0036972","Mac Jones"
"2025_10_DET_WAS","WAS","00-0032268","Marcus Mariota"
"2025_10_PIT_LAC","LAC","00-0036355","Justin Herbert"
"2025_10_PHI_GB","GB","00-0036264","Jordan Love"
"2025_11_NYJ_NE","NE","00-0039851","Drake Maye"
"2025_11_WAS_MIA","MIA","00-0036212","Tua Tagovailoa"
"2025_11_CAR_ATL","ATL","00-0039917","Michael Penix"
"2025_11_TB_BUF","BUF","00-0034857","Josh Allen"
"2025_11_LAC_JAX","JAX","00-0036971","Trevor Lawrence"
"2025_11_CHI_MIN","MIN","00-0039923","J.J. McCarthy"
"2025_11_GB_NYG","NYG","00-0031503","Jameis Winston"
"2025_11_CIN_PIT","PIT","00-0023459","Aaron Rodgers"
"2025_11_HOU_TEN","TEN","00-0040676","Cam Ward"
"2025_11_SF_ARI","ARI","00-0033119","Jacoby Brissett"
"2025_11_SEA_LA","LA","00-0026498","Matthew Stafford"
"2025_11_BAL_CLE","CLE","00-0040704","Dillon Gabriel"
"2025_11_KC_DEN","DEN","00-0039732","Bo Nix"
"2025_11_DET_PHI","PHI","00-0036389","Jalen Hurts"
"2025_11_DAL_LV","LV","00-0030565","Geno Smith"
"2025_12_BUF_HOU","HOU","00-0036898","Davis Mills"
"2025_12_NYJ_BAL","BAL","00-0034796","Lamar Jackson"
"2025_12_PIT_CHI","CHI","00-0039918","Caleb Williams"
"2025_12_NE_CIN","CIN","00-0026158","Joe Flacco"
"2025_12_NYG_DET","DET","00-0033106","Jared Goff"
"2025_12_MIN_GB","GB","00-0036264","Jordan Love"
"2025_12_IND_KC","KC","00-0033873","Patrick Mahomes"
"2025_12_SEA_TEN","TEN","00-0040676","Cam Ward"
"2025_12_JAX_ARI","ARI","00-0033119","Jacoby Brissett"
"2025_12_CLE_LV","LV","00-0030565","Geno Smith"
"2025_12_PHI_DAL","DAL","00-0033077","Dak Prescott"
"2025_12_ATL_NO","NO","00-0040743","Tyler Shough"
"2025_12_TB_LA","LA","00-0026498","Matthew Stafford"
"2025_12_CAR_SF","SF","00-0037834","Brock Purdy"
"2025_13_GB_DET","DET","00-0033106","Jared Goff"
"2025_13_KC_DAL","DAL","00-0033077","Dak Prescott"
"2025_13_CIN_BAL","BAL","00-0034796","Lamar Jackson"
"2025_13_CHI_PHI","PHI","00-0036389","Jalen Hurts"
"2025_13_LA_CAR","CAR","00-0039150","Bryce Young"
"2025_13_SF_CLE","CLE","00-0040668","Shedeur Sanders"
"2025_13_HOU_IND","IND","00-0035710","Daniel Jones"
"2025_13_NO_MIA","MIA","00-0036212","Tua Tagovailoa"
"2025_13_ATL_NYJ","NYJ","00-0028118","Tyrod Taylor"
"2025_13_ARI_TB","TB","00-0034855","Baker Mayfield"
"2025_13_JAX_TEN","TEN","00-0040676","Cam Ward"
"2025_13_MIN_SEA","SEA","00-0034869","Sam Darnold"
"2025_13_LV_LAC","LAC","00-0036355","Justin Herbert"
"2025_13_BUF_PIT","PIT","00-0023459","Aaron Rodgers"
"2025_13_DEN_WAS","WAS","00-0032268","Marcus Mariota"
"2025_13_NYG_NE","NE","00-0039851","Drake Maye"
"2025_14_DAL_DET","DET","00-0033106","Jared Goff"
"2025_14_SEA_ATL","ATL","00-0029604","Kirk Cousins"
"2025_14_PIT_BAL","BAL","00-0034796","Lamar Jackson"
"2025_14_CIN_BUF","BUF","00-0034857","Josh Allen"
"2025_14_TEN_CLE","CLE","00-0040668","Shedeur Sanders"
"2025_14_IND_JAX","JAX","00-0036971","Trevor Lawrence"
"2025_14_WAS_MIN","MIN","00-0039923","J.J. McCarthy"
"2025_14_MIA_NYJ","NYJ","00-0028118","Tyrod Taylor"
"2025_14_NO_TB","TB","00-0034855","Baker Mayfield"
"2025_14_DEN_LV","LV","00-0030565","Geno Smith"
"2025_14_LA_ARI","ARI","00-0033119","Jacoby Brissett"
"2025_14_CHI_GB","GB","00-0036264","Jordan Love"
"2025_14_HOU_KC","KC","00-0033873","Patrick Mahomes"
"2025_14_PHI_LAC","LAC","00-0036355","Justin Herbert"
"2025_15_ATL_TB","TB","00-0034855","Baker Mayfield"
"2025_15_CLE_CHI","CHI","00-0039918","Caleb Williams"
"2025_15_BAL_CIN","CIN","00-0036442","Joe Burrow"
"2025_15_ARI_HOU","HOU","00-0039163","C.J. Stroud"
"2025_15_NYJ_JAX","JAX","00-0036971","Trevor Lawrence"
"2025_15_LAC_KC","KC","00-0033873","Patrick Mahomes"
"2025_15_BUF_NE","NE","00-0039851","Drake Maye"
"2025_15_WAS_NYG","NYG","00-0040691","Jaxson Dart"
"2025_15_LV_PHI","PHI","00-0036389","Jalen Hurts"
"2025_15_GB_DEN","DEN","00-0039732","Bo Nix"
"2025_15_DET_LA","LA","00-0026498","Matthew Stafford"
"2025_15_CAR_NO","NO","00-0040743","Tyler Shough"
"2025_15_IND_SEA","SEA","00-0034869","Sam Darnold"
"2025_15_TEN_SF","SF","00-0037834","Brock Purdy"
"2025_15_MIN_DAL","DAL","00-0033077","Dak Prescott"
"2025_15_MIA_PIT","PIT","00-0023459","Aaron Rodgers"
"2025_16_LA_SEA","SEA","00-0034869","Sam Darnold"
"2025_16_PHI_WAS","WAS","00-0032268","Marcus Mariota"
"2025_16_GB_CHI","CHI","00-0039918","Caleb Williams"
"2025_16_TB_CAR","CAR","00-0039150","Bryce Young"
"2025_16_BUF_CLE","CLE","00-0040668","Shedeur Sanders"
"2025_16_LAC_DAL","DAL","00-0033077","Dak Prescott"
"2025_16_CIN_MIA","MIA","00-0040234","Quinn Ewers"
"2025_16_NYJ_NO","NO","00-0040743","Tyler Shough"
"2025_16_MIN_NYG","NYG","00-0040691","Jaxson Dart"
"2025_16_KC_TEN","TEN","00-0040676","Cam Ward"
"2025_16_ATL_ARI","ARI","00-0033119","Jacoby Brissett"
"2025_16_JAX_DEN","DEN","00-0039732","Bo Nix"
"2025_16_PIT_DET","DET","00-0033106","Jared Goff"
"2025_16_LV_HOU","HOU","00-0039163","C.J. Stroud"
"2025_16_NE_BAL","BAL","00-0034796","Lamar Jackson"
"2025_16_SF_IND","IND","00-0022942","Philip Rivers"
"2025_17_DAL_WAS","WAS","00-0026300","Josh Johnson"
"2025_17_DET_MIN","MIN","00-0040494","Max Brosmer"
"2025_17_DEN_KC","KC","00-0037324","Chris Oladokun"
"2025_17_HOU_LAC","LAC","00-0036355","Justin Herbert"
"2025_17_BAL_GB","GB","00-0038128","Malik Willis"
"2025_17_SEA_CAR","CAR","00-0039150","Bryce Young"
"2025_17_ARI_CIN","CIN","00-0036442","Joe Burrow"
"2025_17_PIT_CLE","CLE","00-0040668","Shedeur Sanders"
"2025_17_JAX_IND","IND","00-0022942","Philip Rivers"
"2025_17_TB_MIA","MIA","00-0040234","Quinn Ewers"
"2025_17_NE_NYJ","NYJ","00-0028118","Tyrod Taylor"
"2025_17_NO_TEN","TEN","00-0040676","Cam Ward"
"2025_17_NYG_LV","LV","00-0030565","Geno Smith"
"2025_17_PHI_BUF","BUF","00-0034857","Josh Allen"
"2025_17_CHI_SF","SF","00-0037834","Brock Purdy"
"2025_17_LA_ATL","ATL","00-0029604","Kirk Cousins"
"2025_18_CAR_TB","TB","00-0034855","Baker Mayfield"
"2025_18_SEA_SF","SF","00-0037834","Brock Purdy"
"2025_18_NO_ATL","ATL","00-0029604","Kirk Cousins"
"2025_18_CLE_CIN","CIN","00-0036442","Joe Burrow"
"2025_18_IND_HOU","HOU","00-0039163","C.J. Stroud"
"2025_18_TEN_JAX","JAX","00-0036971","Trevor Lawrence"
"2025_18_GB_MIN","MIN","00-0039923","J.J. McCarthy"
"2025_18_DAL_NYG","NYG","00-0040691","Jaxson Dart"
"2025_18_NYJ_BUF","BUF","00-0033869","Mitchell Trubisky"
"2025_18_DET_CHI","CHI","00-0039918","Caleb Williams"
"2025_18_LAC_DEN","DEN","00-0039732","Bo Nix"
"2025_18_ARI_LA","LA","00-0026498","Matthew Stafford"
"2025_18_KC_LV","LV","00-0038102","Kenny Pickett"
"2025_18_MIA_NE","NE","00-0039851","Drake Maye"
"2025_18_WAS_PHI","PHI","00-0038400","Tanner McKee"
"2025_18_BAL_PIT","PIT","00-0023459","Aaron Rodgers"
"2026_01_NE_SEA","SEA","00-0034869","Sam Darnold"
"2026_01_SF_LA","LA","00-0026498","Matthew Stafford"
"2026_01_CHI_CAR","CAR","00-0039150","Bryce Young"
"2026_01_TB_CIN","CIN","00-0036442","Joe Burrow"
"2026_01_NO_DET","DET","00-0033106","Jared Goff"
"2026_01_BUF_HOU","HOU","00-0039163","C.J. Stroud"
"2026_01_BAL_IND","IND","00-0035710","Daniel Jones"
"2026_01_CLE_JAX","JAX","00-0036971","Trevor Lawrence"
"2026_01_ATL_PIT","PIT","00-0023459","Aaron Rodgers"
"2026_01_NYJ_TEN","TEN","00-0040676","Cam Ward"
"2026_01_ARI_LAC","LAC","00-0036355","Justin Herbert"
"2026_01_MIA_LV","LV","00-0029604","Kirk Cousins"
"2026_01_GB_MIN","MIN","00-0035228","Kyler Murray"
"2026_01_WAS_PHI","PHI","00-0036389","Jalen Hurts"
"2026_01_DAL_NYG","NYG","00-0040691","Jaxson Dart"
"2026_01_DEN_KC","KC","00-0033873","Patrick Mahomes"
"2026_02_DET_BUF","BUF","00-0034857","Josh Allen"
"2024_01_BAL_KC","BAL","00-0034796","Lamar Jackson"
"2024_01_GB_PHI","GB","00-0036264","Jordan Love"
"2024_01_PIT_ATL","PIT","00-0036945","Justin Fields"
"2024_01_ARI_BUF","ARI","00-0035228","Kyler Murray"
"2024_01_TEN_CHI","TEN","00-0039152","Will Levis"
"2024_01_NE_CIN","NE","00-0033119","Jacoby Brissett"
"2024_01_HOU_IND","HOU","00-0039163","C.J. Stroud"
"2024_01_JAX_MIA","JAX","00-0036971","Trevor Lawrence"
"2024_01_CAR_NO","CAR","00-0039150","Bryce Young"
"2024_01_MIN_NYG","MIN","00-0034869","Sam Darnold"
"2024_01_LV_LAC","LV","00-0035289","Gardner Minshew"
"2024_01_DEN_SEA","DEN","00-0039732","Bo Nix"
"2024_01_DAL_CLE","DAL","00-0033077","Dak Prescott"
"2024_01_WAS_TB","WAS","00-0039910","Jayden Daniels"
"2024_01_LA_DET","LA","00-0026498","Matthew Stafford"
"2024_01_NYJ_SF","NYJ","00-0023459","Aaron Rodgers"
"2024_02_BUF_MIA","BUF","00-0034857","Josh Allen"
"2024_02_LV_BAL","LV","00-0035289","Gardner Minshew"
"2024_02_LAC_CAR","LAC","00-0036355","Justin Herbert"
"2024_02_NO_DAL","NO","00-0031280","Derek Carr"
"2024_02_TB_DET","TB","00-0034855","Baker Mayfield"
"2024_02_IND_GB","IND","00-0039164","Anthony Richardson"
"2024_02_CLE_JAX","CLE","00-0033537","Deshaun Watson"
"2024_02_SF_MIN","SF","00-0037834","Brock Purdy"
"2024_02_SEA_NE","SEA","00-0030565","Geno Smith"
"2024_02_NYJ_TEN","NYJ","00-0023459","Aaron Rodgers"
"2024_02_NYG_WAS","NYG","00-0035710","Daniel Jones"
"2024_02_LA_ARI","LA","00-0026498","Matthew Stafford"
"2024_02_PIT_DEN","PIT","00-0036945","Justin Fields"
"2024_02_CIN_KC","CIN","00-0036442","Joe Burrow"
"2024_02_CHI_HOU","CHI","00-0039918","Caleb Williams"
"2024_02_ATL_PHI","ATL","00-0029604","Kirk Cousins"
"2024_03_NE_NYJ","NE","00-0033119","Jacoby Brissett"
"2024_03_NYG_CLE","NYG","00-0035710","Daniel Jones"
"2024_03_CHI_IND","CHI","00-0039918","Caleb Williams"
"2024_03_HOU_MIN","HOU","00-0039163","C.J. Stroud"
"2024_03_PHI_NO","PHI","00-0036389","Jalen Hurts"
"2024_03_LAC_PIT","LAC","00-0036355","Justin Herbert"
"2024_03_DEN_TB","DEN","00-0039732","Bo Nix"
"2024_03_GB_TEN","GB","00-0038128","Malik Willis"
"2024_03_CAR_LV","CAR","00-0027973","Andy Dalton"
"2024_03_MIA_SEA","MIA","00-0037327","Skylar Thompson"
"2024_03_DET_ARI","DET","00-0033106","Jared Goff"
"2024_03_BAL_DAL","BAL","00-0034796","Lamar Jackson"
"2024_03_SF_LA","SF","00-0037834","Brock Purdy"
"2024_03_KC_ATL","KC","00-0033873","Patrick Mahomes"
"2024_03_JAX_BUF","JAX","00-0036971","Trevor Lawrence"
"2024_03_WAS_CIN","WAS","00-0039910","Jayden Daniels"
"2024_04_DAL_NYG","DAL","00-0033077","Dak Prescott"
"2024_04_NO_ATL","NO","00-0031280","Derek Carr"
"2024_04_CIN_CAR","CIN","00-0036442","Joe Burrow"
"2024_04_LA_CHI","LA","00-0026498","Matthew Stafford"
"2024_04_MIN_GB","MIN","00-0034869","Sam Darnold"
"2024_04_JAX_HOU","JAX","00-0036971","Trevor Lawrence"
"2024_04_PIT_IND","PIT","00-0036945","Justin Fields"
"2024_04_DEN_NYJ","DEN","00-0039732","Bo Nix"
"2024_04_PHI_TB","PHI","00-0036389","Jalen Hurts"
"2024_04_WAS_ARI","WAS","00-0039910","Jayden Daniels"
"2024_04_NE_SF","NE","00-0033119","Jacoby Brissett"
"2024_04_KC_LAC","KC","00-0033873","Patrick Mahomes"
"2024_04_CLE_LV","CLE","00-0033537","Deshaun Watson"
"2024_04_BUF_BAL","BUF","00-0034857","Josh Allen"
"2024_04_TEN_MIA","TEN","00-0039152","Will Levis"
"2024_04_SEA_DET","SEA","00-0030565","Geno Smith"
"2024_05_TB_ATL","TB","00-0034855","Baker Mayfield"
"2024_05_NYJ_MIN","NYJ","00-0023459","Aaron Rodgers"
"2024_05_CAR_CHI","CAR","00-0027973","Andy Dalton"
"2024_05_BAL_CIN","BAL","00-0034796","Lamar Jackson"
"2024_05_BUF_HOU","BUF","00-0034857","Josh Allen"
"2024_05_IND_JAX","IND","00-0026158","Joe Flacco"
"2024_05_MIA_NE","MIA","00-0035993","Tyler Huntley"
"2024_05_CLE_WAS","CLE","00-0033537","Deshaun Watson"
"2024_05_LV_DEN","LV","00-0035289","Gardner Minshew"
"2024_05_ARI_SF","ARI","00-0035228","Kyler Murray"
"2024_05_GB_LA","GB","00-0036264","Jordan Love"
"2024_05_NYG_SEA","NYG","00-0035710","Daniel Jones"
"2024_05_DAL_PIT","DAL","00-0033077","Dak Prescott"
"2024_05_NO_KC","NO","00-0031280","Derek Carr"
"2024_06_SF_SEA","SF","00-0037834","Brock Purdy"
"2024_06_JAX_CHI","JAX","00-0036971","Trevor Lawrence"
"2024_06_WAS_BAL","WAS","00-0039910","Jayden Daniels"
"2024_06_ARI_GB","ARI","00-0035228","Kyler Murray"
"2024_06_HOU_NE","HOU","00-0039163","C.J. Stroud"
"2024_06_TB_NO","TB","00-0034855","Baker Mayfield"
"2024_06_CLE_PHI","CLE","00-0033537","Deshaun Watson"
"2024_06_IND_TEN","IND","00-0026158","Joe Flacco"
"2024_06_LAC_DEN","LAC","00-0036355","Justin Herbert"
"2024_06_PIT_LV","PIT","00-0036945","Justin Fields"
"2024_06_ATL_CAR","ATL","00-0029604","Kirk Cousins"
"2024_06_DET_DAL","DET","00-0033106","Jared Goff"
"2024_06_CIN_NYG","CIN","00-0036442","Joe Burrow"
"2024_06_BUF_NYJ","BUF","00-0034857","Josh Allen"
"2024_07_DEN_NO","DEN","00-0039732","Bo Nix"
"2024_07_NE_JAX","NE","00-0039851","Drake Maye"
"2024_07_SEA_ATL","SEA","00-0030565","Geno Smith"
"2024_07_TEN_BUF","TEN","00-0034771","Mason Rudolph"
"2024_07_CIN_CLE","CIN","00-0036442","Joe Burrow"
"2024_07_HOU_GB","HOU","00-0039163","C.J. Stroud"
"2024_07_MIA_IND","MIA","00-0034177","Tim Boyle"
"2024_07_DET_MIN","DET","00-0033106","Jared Goff"
"2024_07_PHI_NYG","PHI","00-0036389","Jalen Hurts"
"2024_07_LV_LA","LV","00-0038579","Aidan O'Connell"
"2024_07_CAR_WAS","CAR","00-0027973","Andy Dalton"
"2024_07_KC_SF","KC","00-0033873","Patrick Mahomes"
"2024_07_NYJ_PIT","NYJ","00-0023459","Aaron Rodgers"
"2024_07_BAL_TB","BAL","00-0034796","Lamar Jackson"
"2024_07_LAC_ARI","LAC","00-0036355","Justin Herbert"
"2024_08_MIN_LA","MIN","00-0034869","Sam Darnold"
"2024_08_PHI_CIN","PHI","00-0036389","Jalen Hurts"
"2024_08_BAL_CLE","BAL","00-0034796","Lamar Jackson"
"2024_08_TEN_DET","TEN","00-0034771","Mason Rudolph"
"2024_08_IND_HOU","IND","00-0026158","Joe Flacco"
"2024_08_GB_JAX","GB","00-0036264","Jordan Love"
"2024_08_ARI_MIA","ARI","00-0035228","Kyler Murray"
"2024_08_NYJ_NE","NYJ","00-0023459","Aaron Rodgers"
"2024_08_ATL_TB","ATL","00-0029604","Kirk Cousins"
"2024_08_NO_LAC","NO","00-0039376","Spencer Rattler"
"2024_08_BUF_SEA","BUF","00-0034857","Josh Allen"
"2024_08_CAR_DEN","CAR","00-0039150","Bryce Young"
"2024_08_KC_LV","KC","00-0033873","Patrick Mahomes"
"2024_08_CHI_WAS","CHI","00-0039918","Caleb Williams"
"2024_08_DAL_SF","DAL","00-0033077","Dak Prescott"
"2024_08_NYG_PIT","NYG","00-0035710","Daniel Jones"
"2024_09_HOU_NYJ","HOU","00-0039163","C.J. Stroud"
"2024_09_DAL_ATL","DAL","00-0033077","Dak Prescott"
"2024_09_DEN_BAL","DEN","00-0039732","Bo Nix"
"2024_09_MIA_BUF","MIA","00-0036212","Tua Tagovailoa"
"2024_09_NO_CAR","NO","00-0031280","Derek Carr"
"2024_09_LV_CIN","LV","00-0035289","Gardner Minshew"
"2024_09_LAC_CLE","LAC","00-0036355","Justin Herbert"
"2024_09_WAS_NYG","WAS","00-0032268","Marcus Mariota"
"2024_09_NE_TEN","NE","00-0039851","Drake Maye"
"2024_09_CHI_ARI","CHI","00-0039918","Caleb Williams"
"2024_09_JAX_PHI","JAX","00-0036971","Trevor Lawrence"
"2024_09_DET_GB","DET","00-0033106","Jared Goff"
"2024_09_LA_SEA","LA","00-0026498","Matthew Stafford"
"2024_09_IND_MIN","IND","00-0026158","Joe Flacco"
"2024_09_TB_KC","TB","00-0034855","Baker Mayfield"
"2024_10_CIN_BAL","CIN","00-0036442","Joe Burrow"
"2024_10_NYG_CAR","NYG","00-0035710","Daniel Jones"
"2024_10_NE_CHI","NE","00-0039851","Drake Maye"
"2024_10_BUF_IND","BUF","00-0034857","Josh Allen"
"2024_10_MIN_JAX","MIN","00-0034869","Sam Darnold"
"2024_10_DEN_KC","DEN","00-0039732","Bo Nix"
"2024_10_ATL_NO","ATL","00-0029604","Kirk Cousins"
"2024_10_SF_TB","SF","00-0037834","Brock Purdy"
"2024_10_PIT_WAS","PIT","00-0029263","Russell Wilson"
"2024_10_TEN_LAC","TEN","00-0034771","Mason Rudolph"
"2024_10_NYJ_ARI","NYJ","00-0023459","Aaron Rodgers"
"2024_10_PHI_DAL","PHI","00-0036389","Jalen Hurts"
"2024_10_DET_HOU","DET","00-0033106","Jared Goff"
"2024_10_MIA_LA","MIA","00-0036212","Tua Tagovailoa"
"2024_11_WAS_PHI","WAS","00-0032268","Marcus Mariota"
"2024_11_GB_CHI","GB","00-0036264","Jordan Love"
"2024_11_JAX_DET","JAX","00-0036972","Mac Jones"
"2024_11_LV_MIA","LV","00-0035289","Gardner Minshew"
"2024_11_LA_NE","LA","00-0026498","Matthew Stafford"
"2024_11_CLE_NO","CLE","00-0031503","Jameis Winston"
"2024_11_IND_NYJ","IND","00-0026158","Joe Flacco"
"2024_11_BAL_PIT","BAL","00-0034796","Lamar Jackson"
"2024_11_MIN_TEN","MIN","00-0034869","Sam Darnold"
"2024_11_ATL_DEN","ATL","00-0029604","Kirk Cousins"
"2024_11_SEA_SF","SEA","00-0030565","Geno Smith"
"2024_11_KC_BUF","KC","00-0033873","Patrick Mahomes"
"2024_11_CIN_LAC","CIN","00-0036442","Joe Burrow"
"2024_11_HOU_DAL","HOU","00-0039163","C.J. Stroud"
"2024_12_PIT_CLE","PIT","00-0029263","Russell Wilson"
"2024_12_KC_CAR","KC","00-0033873","Patrick Mahomes"
"2024_12_MIN_CHI","MIN","00-0034869","Sam Darnold"
"2024_12_TEN_HOU","TEN","00-0034771","Mason Rudolph"
"2024_12_DET_IND","DET","00-0033106","Jared Goff"
"2024_12_NE_MIA","NE","00-0039851","Drake Maye"
"2024_12_TB_NYG","TB","00-0034855","Baker Mayfield"
"2024_12_DAL_WAS","DAL","00-0033662","Cooper Rush"
"2024_12_DEN_LV","DEN","00-0039732","Bo Nix"
"2024_12_SF_GB","SF","00-0032434","Brandon Allen"
"2024_12_ARI_SEA","ARI","00-0035228","Kyler Murray"
"2024_12_PHI_LA","PHI","00-0036389","Jalen Hurts"
"2024_12_BAL_LAC","BAL","00-0034796","Lamar Jackson"
"2024_13_CHI_DET","CHI","00-0039918","Caleb Williams"
"2024_13_NYG_DAL","NYG","00-0035704","Drew Lock"
"2024_13_MIA_GB","MIA","00-0036212","Tua Tagovailoa"
"2024_13_LV_KC","LV","00-0035289","Gardner Minshew"
"2024_13_LAC_ATL","LAC","00-0036355","Justin Herbert"
"2024_13_PIT_CIN","PIT","00-0029263","Russell Wilson"
"2024_13_HOU_JAX","HOU","00-0039163","C.J. Stroud"
"2024_13_ARI_MIN","ARI","00-0035228","Kyler Murray"
"2024_13_IND_NE","IND","00-0026158","Joe Flacco"
"2024_13_SEA_NYJ","SEA","00-0030565","Geno Smith"
"2024_13_TEN_WAS","TEN","00-0034771","Mason Rudolph"
"2024_13_TB_CAR","TB","00-0034855","Baker Mayfield"
"2024_13_LA_NO","LA","00-0026498","Matthew Stafford"
"2024_13_PHI_BAL","PHI","00-0036389","Jalen Hurts"
"2024_13_SF_BUF","SF","00-0037834","Brock Purdy"
"2024_13_CLE_DEN","CLE","00-0031503","Jameis Winston"
"2024_14_GB_DET","GB","00-0036264","Jordan Love"
"2024_14_NYJ_MIA","NYJ","00-0023459","Aaron Rodgers"
"2024_14_ATL_MIN","ATL","00-0029604","Kirk Cousins"
"2024_14_NO_NYG","NO","00-0031280","Derek Carr"
"2024_14_CAR_PHI","CAR","00-0027973","Andy Dalton"
"2024_14_CLE_PIT","CLE","00-0031503","Jameis Winston"
"2024_14_LV_TB","LV","00-0035289","Gardner Minshew"
"2024_14_JAX_TEN","JAX","00-0036972","Mac Jones"
"2024_14_SEA_ARI","SEA","00-0030565","Geno Smith"
"2024_14_BUF_LA","BUF","00-0034857","Josh Allen"
"2024_14_CHI_SF","CHI","00-0039918","Caleb Williams"
"2024_14_LAC_KC","LAC","00-0036355","Justin Herbert"
"2024_14_CIN_DAL","CIN","00-0036442","Joe Burrow"
"2024_15_LA_SF","LA","00-0026498","Matthew Stafford"
"2024_15_DAL_CAR","DAL","00-0033662","Cooper Rush"
"2024_15_KC_CLE","KC","00-0033873","Patrick Mahomes"
"2024_15_MIA_HOU","MIA","00-0036212","Tua Tagovailoa"
"2024_15_NYJ_JAX","NYJ","00-0023459","Aaron Rodgers"
"2024_15_WAS_NO","WAS","00-0039910","Jayden Daniels"
"2024_15_BAL_NYG","BAL","00-0034796","Lamar Jackson"
"2024_15_CIN_TEN","CIN","00-0036442","Joe Burrow"
"2024_15_NE_ARI","NE","00-0039851","Drake Maye"
"2024_15_IND_DEN","IND","00-0039164","Anthony Richardson"
"2024_15_BUF_DET","BUF","00-0034857","Josh Allen"
"2024_15_TB_LAC","TB","00-0034855","Baker Mayfield"
"2024_15_PIT_PHI","PIT","00-0029263","Russell Wilson"
"2024_15_GB_SEA","GB","00-0036264","Jordan Love"
"2024_15_CHI_MIN","CHI","00-0039918","Caleb Williams"
"2024_15_ATL_LV","ATL","00-0029604","Kirk Cousins"
"2024_16_DEN_LAC","DEN","00-0039732","Bo Nix"
"2024_16_HOU_KC","HOU","00-0039163","C.J. Stroud"
"2024_16_PIT_BAL","PIT","00-0029263","Russell Wilson"
"2024_16_NYG_ATL","NYG","00-0038476","Tommy DeVito"
"2024_16_ARI_CAR","ARI","00-0035228","Kyler Murray"
"2024_16_DET_CHI","DET","00-0033106","Jared Goff"
"2024_16_CLE_CIN","CLE","00-0031503","Jameis Winston"
"2024_16_TEN_IND","TEN","00-0034771","Mason Rudolph"
"2024_16_LA_NYJ","LA","00-0026498","Matthew Stafford"
"2024_16_PHI_WAS","PHI","00-0036389","Jalen Hurts"
"2024_16_MIN_SEA","MIN","00-0034869","Sam Darnold"
"2024_16_NE_BUF","NE","00-0039851","Drake Maye"
"2024_16_JAX_LV","JAX","00-0036972","Mac Jones"
"2024_16_SF_MIA","SF","00-0037834","Brock Purdy"
"2024_16_TB_DAL","TB","00-0034855","Baker Mayfield"
"2024_16_NO_GB","NO","00-0038998","Jake Haener"
"2024_17_KC_PIT","KC","00-0033873","Patrick Mahomes"
"2024_17_BAL_HOU","BAL","00-0034796","Lamar Jackson"
"2024_17_SEA_CHI","SEA","00-0030565","Geno Smith"
"2024_17_LAC_NE","LAC","00-0036355","Justin Herbert"
"2024_17_DEN_CIN","DEN","00-0039732","Bo Nix"
"2024_17_ARI_LA","ARI","00-0035228","Kyler Murray"
"2024_17_NYJ_BUF","NYJ","00-0023459","Aaron Rodgers"
"2024_17_TEN_JAX","TEN","00-0034771","Mason Rudolph"
"2024_17_LV_NO","LV","00-0038579","Aidan O'Connell"
"2024_17_IND_NYG","IND","00-0026158","Joe Flacco"
"2024_17_DAL_PHI","DAL","00-0033662","Cooper Rush"
"2024_17_CAR_TB","CAR","00-0039150","Bryce Young"
"2024_17_MIA_CLE","MIA","00-0035993","Tyler Huntley"
"2024_17_GB_MIN","GB","00-0036264","Jordan Love"
"2024_17_ATL_WAS","ATL","00-0039917","Michael Penix Jr."
"2024_17_DET_SF","DET","00-0033106","Jared Goff"
"2024_18_CLE_BAL","CLE","00-0038108","Bailey Zappe"
"2024_18_CIN_PIT","CIN","00-0036442","Joe Burrow"
"2024_18_CAR_ATL","CAR","00-0039150","Bryce Young"
"2024_18_WAS_DAL","WAS","00-0039910","Jayden Daniels"
"2024_18_CHI_GB","CHI","00-0039918","Caleb Williams"
"2024_18_JAX_IND","JAX","00-0036972","Mac Jones"
"2024_18_BUF_NE","BUF","00-0033869","Mitchell Trubisky"
"2024_18_NYG_PHI","NYG","00-0035704","Drew Lock"
"2024_18_NO_TB","NO","00-0039376","Spencer Rattler"
"2024_18_HOU_TEN","HOU","00-0036898","Davis Mills"
"2024_18_SF_ARI","SF","00-0033949","Joshua Dobbs"
"2024_18_KC_DEN","KC","00-0032950","Carson Wentz"
"2024_18_SEA_LA","SEA","00-0030565","Geno Smith"
"2024_18_LAC_LV","LAC","00-0036355","Justin Herbert"
"2024_18_MIA_NYJ","MIA","00-0036212","Tua Tagovailoa"
"2024_18_MIN_DET","MIN","00-0034869","Sam Darnold"
"2025_01_DAL_PHI","DAL","00-0033077","Dak Prescott"
"2025_01_KC_LAC","KC","00-0033873","Patrick Mahomes"
"2025_01_TB_ATL","TB","00-0034855","Baker Mayfield"
"2025_01_CIN_CLE","CIN","00-0036442","Joe Burrow"
"2025_01_MIA_IND","MIA","00-0036212","Tua Tagovailoa"
"2025_01_CAR_JAX","CAR","00-0039150","Bryce Young"
"2025_01_LV_NE","LV","00-0030565","Geno Smith"
"2025_01_ARI_NO","ARI","00-0035228","Kyler Murray"
"2025_01_PIT_NYJ","PIT","00-0023459","Aaron Rodgers"
"2025_01_NYG_WAS","NYG","00-0029263","Russell Wilson"
"2025_01_TEN_DEN","TEN","00-0040676","Cam Ward"
"2025_01_SF_SEA","SF","00-0037834","Brock Purdy"
"2025_01_DET_GB","DET","00-0033106","Jared Goff"
"2025_01_HOU_LA","HOU","00-0039163","C.J. Stroud"
"2025_01_BAL_BUF","BAL","00-0034796","Lamar Jackson"
"2025_01_MIN_CHI","MIN","00-0039923","J.J. McCarthy"
"2025_02_WAS_GB","WAS","00-0039910","Jayden Daniels"
"2025_02_CLE_BAL","CLE","00-0026158","Joe Flacco"
"2025_02_JAX_CIN","JAX","00-0036971","Trevor Lawrence"
"2025_02_NYG_DAL","NYG","00-0029263","Russell Wilson"
"2025_02_CHI_DET","CHI","00-0039918","Caleb Williams"
"2025_02_NE_MIA","NE","00-0039851","Drake Maye"
"2025_02_SF_NO","SF","00-0036972","Mac Jones"
"2025_02_BUF_NYJ","BUF","00-0034857","Josh Allen"
"2025_02_SEA_PIT","SEA","00-0034869","Sam Darnold"
"2025_02_LA_TEN","LA","00-0026498","Matthew Stafford"
"2025_02_CAR_ARI","CAR","00-0039150","Bryce Young"
"2025_02_DEN_IND","DEN","00-0039732","Bo Nix"
"2025_02_PHI_KC","PHI","00-0036389","Jalen Hurts"
"2025_02_ATL_MIN","ATL","00-0039917","Michael Penix"
"2025_02_TB_HOU","TB","00-0034855","Baker Mayfield"
"2025_02_LAC_LV","LAC","00-0036355","Justin Herbert"
"2025_03_MIA_BUF","MIA","00-0036212","Tua Tagovailoa"
"2025_03_ATL_CAR","ATL","00-0039917","Michael Penix"
"2025_03_GB_CLE","GB","00-0036264","Jordan Love"
"2025_03_HOU_JAX","HOU","00-0039163","C.J. Stroud"
"2025_03_CIN_MIN","CIN","00-0035100","Jake Browning"
"2025_03_PIT_NE","PIT","00-0023459","Aaron Rodgers"
"2025_03_LA_PHI","LA","00-0026498","Matthew Stafford"
"2025_03_NYJ_TB","NYJ","00-0028118","Tyrod Taylor"
"2025_03_IND_TEN","IND","00-0035710","Daniel Jones"
"2025_03_LV_WAS","LV","00-0030565","Geno Smith"
"2025_03_DEN_LAC","DEN","00-0039732","Bo Nix"
"2025_03_NO_SEA","NO","00-0039376","Spencer Rattler"
"2025_03_DAL_CHI","DAL","00-0033077","Dak Prescott"
"2025_03_ARI_SF","ARI","00-0035228","Kyler Murray"
"2025_03_KC_NYG","KC","00-0033873","Patrick Mahomes"
"2025_03_DET_BAL","DET","00-0033106","Jared Goff"
"2025_04_SEA_ARI","SEA","00-0034869","Sam Darnold"
"2025_04_MIN_PIT","MIN","00-0032950","Carson Wentz"
"2025_04_WAS_ATL","WAS","00-0039910","Jayden Daniels"
"2025_04_NO_BUF","NO","00-0039376","Spencer Rattler"
"2025_04_CLE_DET","CLE","00-0026158","Joe Flacco"
"2025_04_TEN_HOU","TEN","00-0040676","Cam Ward"
"2025_04_CAR_NE","CAR","00-0039150","Bryce Young"
"2025_04_LAC_NYG","LAC","00-0036355","Justin Herbert"
"2025_04_PHI_TB","PHI","00-0036389","Jalen Hurts"
"2025_04_IND_LA","IND","00-0035710","Daniel Jones"
"2025_04_JAX_SF","JAX","00-0036971","Trevor Lawrence"
"2025_04_BAL_KC","BAL","00-0034796","Lamar Jackson"
"2025_04_CHI_LV","CHI","00-0039918","Caleb Williams"
"2025_04_GB_DAL","GB","00-0036264","Jordan Love"
"2025_04_NYJ_MIA","NYJ","00-0036945","Justin Fields"
"2025_04_CIN_DEN","CIN","00-0035100","Jake Browning"
"2025_05_SF_LA","SF","00-0036972","Mac Jones"
"2025_05_MIN_CLE","MIN","00-0032950","Carson Wentz"
"2025_05_HOU_BAL","HOU","00-0039163","C.J. Stroud"
"2025_05_MIA_CAR","MIA","00-0036212","Tua Tagovailoa"
"2025_05_LV_IND","LV","00-0030565","Geno Smith"
"2025_05_NYG_NO","NYG","00-0040691","Jaxson Dart"
"2025_05_DAL_NYJ","DAL","00-0033077","Dak Prescott"
"2025_05_DEN_PHI","DEN","00-0039732","Bo Nix"
"2025_05_TEN_ARI","TEN","00-0040676","Cam Ward"
"2025_05_TB_SEA","TB","00-0034855","Baker Mayfield"
"2025_05_DET_CIN","DET","00-0033106","Jared Goff"
"2025_05_WAS_LAC","WAS","00-0039910","Jayden Daniels"
"2025_05_NE_BUF","NE","00-0039851","Drake Maye"
"2025_05_KC_JAX","KC","00-0033873","Patrick Mahomes"
"2025_06_PHI_NYG","PHI","00-0036389","Jalen Hurts"
"2025_06_DEN_NYJ","DEN","00-0039732","Bo Nix"
"2025_06_LA_BAL","LA","00-0026498","Matthew Stafford"
"2025_06_DAL_CAR","DAL","00-0033077","Dak Prescott"
"2025_06_ARI_IND","ARI","00-0033119","Jacoby Brissett"
"2025_06_SEA_JAX","SEA","00-0034869","Sam Darnold"
"2025_06_LAC_MIA","LAC","00-0036355","Justin Herbert"
"2025_06_NE_NO","NE","00-0039851","Drake Maye"
"2025_06_CLE_PIT","CLE","00-0040704","Dillon Gabriel"
"2025_06_TEN_LV","TEN","00-0040676","Cam Ward"
"2025_06_CIN_GB","CIN","00-0026158","Joe Flacco"
"2025_06_SF_TB","SF","00-0036972","Mac Jones"
"2025_06_DET_KC","DET","00-0033106","Jared Goff"
"2025_06_BUF_ATL","BUF","00-0034857","Josh Allen"
"2025_06_CHI_WAS","CHI","00-0039918","Caleb Williams"
"2025_07_PIT_CIN","PIT","00-0023459","Aaron Rodgers"
"2025_07_LA_JAX","LA","00-0026498","Matthew Stafford"
"2025_07_NO_CHI","NO","00-0039376","Spencer Rattler"
"2025_07_MIA_CLE","MIA","00-0036212","Tua Tagovailoa"
"2025_07_LV_KC","LV","00-0030565","Geno Smith"
"2025_07_PHI_MIN","PHI","00-0036389","Jalen Hurts"
"2025_07_CAR_NYJ","CAR","00-0039150","Bryce Young"
"2025_07_NE_TEN","NE","00-0039851","Drake Maye"
"2025_07_NYG_DEN","NYG","00-0040691","Jaxson Dart"
"2025_07_IND_LAC","IND","00-0035710","Daniel Jones"
"2025_07_GB_ARI","GB","00-0036264","Jordan Love"
"2025_07_WAS_DAL","WAS","00-0039910","Jayden Daniels"
"2025_07_ATL_SF","ATL","00-0039917","Michael Penix"
"2025_07_TB_DET","TB","00-0034855","Baker Mayfield"
"2025_07_HOU_SEA","HOU","00-0039163","C.J. Stroud"
"2025_08_MIN_LAC","MIN","00-0032950","Carson Wentz"
"2025_08_MIA_ATL","MIA","00-0036212","Tua Tagovailoa"
"2025_08_CHI_BAL","CHI","00-0039918","Caleb Williams"
"2025_08_BUF_CAR","BUF","00-0034857","Josh Allen"
"2025_08_NYJ_CIN","NYJ","00-0036945","Justin Fields"
"2025_08_SF_HOU","SF","00-0036972","Mac Jones"
"2025_08_CLE_NE","CLE","00-0040704","Dillon Gabriel"
"2025_08_NYG_PHI","NYG","00-0040691","Jaxson Dart"
"2025_08_TB_NO","TB","00-0034855","Baker Mayfield"
"2025_08_DAL_DEN","DAL","00-0033077","Dak Prescott"
"2025_08_TEN_IND","TEN","00-0040676","Cam Ward"
"2025_08_GB_PIT","GB","00-0036264","Jordan Love"
"2025_08_WAS_KC","WAS","00-0039910","Jayden Daniels"
"2025_09_BAL_MIA","BAL","00-0034796","Lamar Jackson"
"2025_09_CHI_CIN","CHI","00-0039918","Caleb Williams"
"2025_09_MIN_DET","MIN","00-0039923","J.J. McCarthy"
"2025_09_CAR_GB","CAR","00-0039150","Bryce Young"
"2025_09_DEN_HOU","DEN","00-0039732","Bo Nix"
"2025_09_ATL_NE","ATL","00-0039917","Michael Penix"
"2025_09_SF_NYG","SF","00-0036972","Mac Jones"
"2025_09_IND_PIT","IND","00-0035710","Daniel Jones"
"2025_09_LAC_TEN","LAC","00-0036355","Justin Herbert"
"2025_09_NO_LA","NO","00-0040743","Tyler Shough"
"2025_09_JAX_LV","JAX","00-0036971","Trevor Lawrence"
"2025_09_KC_BUF","KC","00-0033873","Patrick Mahomes"
"2025_09_SEA_WAS","SEA","00-0034869","Sam Darnold"
"2025_09_ARI_DAL","ARI","00-0033119","Jacoby Brissett"
"2025_10_LV_DEN","LV","00-0030565","Geno Smith"
"2025_10_ATL_IND","ATL","00-0039917","Michael Penix"
"2025_10_NO_CAR","NO","00-0040743","Tyler Shough"
"2025_10_NYG_CHI","NYG","00-0040691","Jaxson Dart"
"2025_10_JAX_HOU","JAX","00-0036971","Trevor Lawrence"
"2025_10_BUF_MIA","BUF","00-0034857","Josh Allen"
"2025_10_BAL_MIN","BAL","00-0034796","Lamar Jackson"
"2025_10_CLE_NYJ","CLE","00-0040704","Dillon Gabriel"
"2025_10_NE_TB","NE","00-0039851","Drake Maye"
"2025_10_ARI_SEA","ARI","00-0033119","Jacoby Brissett"
"2025_10_LA_SF","LA","00-0026498","Matthew Stafford"
"2025_10_DET_WAS","DET","00-0033106","Jared Goff"
"2025_10_PIT_LAC","PIT","00-0023459","Aaron Rodgers"
"2025_10_PHI_GB","PHI","00-0036389","Jalen Hurts"
"2025_11_NYJ_NE","NYJ","00-0028118","Tyrod Taylor"
"2025_11_WAS_MIA","WAS","00-0032268","Marcus Mariota"
"2025_11_CAR_ATL","CAR","00-0039150","Bryce Young"
"2025_11_TB_BUF","TB","00-0034855","Baker Mayfield"
"2025_11_LAC_JAX","LAC","00-0036355","Justin Herbert"
"2025_11_CHI_MIN","CHI","00-0039918","Caleb Williams"
"2025_11_GB_NYG","GB","00-0036264","Jordan Love"
"2025_11_CIN_PIT","CIN","00-0026158","Joe Flacco"
"2025_11_HOU_TEN","HOU","00-0036898","Davis Mills"
"2025_11_SF_ARI","SF","00-0037834","Brock Purdy"
"2025_11_SEA_LA","SEA","00-0034869","Sam Darnold"
"2025_11_BAL_CLE","BAL","00-0034796","Lamar Jackson"
"2025_11_KC_DEN","KC","00-0033873","Patrick Mahomes"
"2025_11_DET_PHI","DET","00-0033106","Jared Goff"
"2025_11_DAL_LV","DAL","00-0033077","Dak Prescott"
"2025_12_BUF_HOU","BUF","00-0034857","Josh Allen"
"2025_12_NYJ_BAL","NYJ","00-0028118","Tyrod Taylor"
"2025_12_PIT_CHI","PIT","00-0034771","Mason Rudolph"
"2025_12_NE_CIN","NE","00-0039851","Drake Maye"
"2025_12_NYG_DET","NYG","00-0031503","Jameis Winston"
"2025_12_MIN_GB","MIN","00-0039923","J.J. McCarthy"
"2025_12_IND_KC","IND","00-0035710","Daniel Jones"
"2025_12_SEA_TEN","SEA","00-0034869","Sam Darnold"
"2025_12_JAX_ARI","JAX","00-0036971","Trevor Lawrence"
"2025_12_CLE_LV","CLE","00-0040668","Shedeur Sanders"
"2025_12_PHI_DAL","PHI","00-0036389","Jalen Hurts"
"2025_12_ATL_NO","ATL","00-0029604","Kirk Cousins"
"2025_12_TB_LA","TB","00-0034855","Baker Mayfield"
"2025_12_CAR_SF","CAR","00-0039150","Bryce Young"
"2025_13_GB_DET","GB","00-0036264","Jordan Love"
"2025_13_KC_DAL","KC","00-0033873","Patrick Mahomes"
"2025_13_CIN_BAL","CIN","00-0036442","Joe Burrow"
"2025_13_CHI_PHI","CHI","00-0039918","Caleb Williams"
"2025_13_LA_CAR","LA","00-0026498","Matthew Stafford"
"2025_13_SF_CLE","SF","00-0037834","Brock Purdy"
"2025_13_HOU_IND","HOU","00-0039163","C.J. Stroud"
"2025_13_NO_MIA","NO","00-0040743","Tyler Shough"
"2025_13_ATL_NYJ","ATL","00-0029604","Kirk Cousins"
"2025_13_ARI_TB","ARI","00-0033119","Jacoby Brissett"
"2025_13_JAX_TEN","JAX","00-0036971","Trevor Lawrence"
"2025_13_MIN_SEA","MIN","00-0040494","Max Brosmer"
"2025_13_LV_LAC","LV","00-0030565","Geno Smith"
"2025_13_BUF_PIT","BUF","00-0034857","Josh Allen"
"2025_13_DEN_WAS","DEN","00-0039732","Bo Nix"
"2025_13_NYG_NE","NYG","00-0040691","Jaxson Dart"
"2025_14_DAL_DET","DAL","00-0033077","Dak Prescott"
"2025_14_SEA_ATL","SEA","00-0034869","Sam Darnold"
"2025_14_PIT_BAL","PIT","00-0023459","Aaron Rodgers"
"2025_14_CIN_BUF","CIN","00-0036442","Joe Burrow"
"2025_14_TEN_CLE","TEN","00-0040676","Cam Ward"
"2025_14_IND_JAX","IND","00-0035710","Daniel Jones"
"2025_14_WAS_MIN","WAS","00-0032268","Marcus Mariota"
"2025_14_MIA_NYJ","MIA","00-0036212","Tua Tagovailoa"
"2025_14_NO_TB","NO","00-0040743","Tyler Shough"
"2025_14_DEN_LV","DEN","00-0039732","Bo Nix"
"2025_14_LA_ARI","LA","00-0026498","Matthew Stafford"
"2025_14_CHI_GB","CHI","00-0039918","Caleb Williams"
"2025_14_HOU_KC","HOU","00-0039163","C.J. Stroud"
"2025_14_PHI_LAC","PHI","00-0036389","Jalen Hurts"
"2025_15_ATL_TB","ATL","00-0029604","Kirk Cousins"
"2025_15_CLE_CHI","CLE","00-0040668","Shedeur Sanders"
"2025_15_BAL_CIN","BAL","00-0034796","Lamar Jackson"
"2025_15_ARI_HOU","ARI","00-0033119","Jacoby Brissett"
"2025_15_NYJ_JAX","NYJ","00-0040398","Brady Cook"
"2025_15_LAC_KC","LAC","00-0036355","Justin Herbert"
"2025_15_BUF_NE","BUF","00-0034857","Josh Allen"
"2025_15_WAS_NYG","WAS","00-0032268","Marcus Mariota"
"2025_15_LV_PHI","LV","00-0038102","Kenny Pickett"
"2025_15_GB_DEN","GB","00-0036264","Jordan Love"
"2025_15_DET_LA","DET","00-0033106","Jared Goff"
"2025_15_CAR_NO","CAR","00-0039150","Bryce Young"
"2025_15_IND_SEA","IND","00-0022942","Philip Rivers"
"2025_15_TEN_SF","TEN","00-0040676","Cam Ward"
"2025_15_MIN_DAL","MIN","00-0039923","J.J. McCarthy"
"2025_15_MIA_PIT","MIA","00-0036212","Tua Tagovailoa"
"2025_16_LA_SEA","LA","00-0026498","Matthew Stafford"
"2025_16_PHI_WAS","PHI","00-0036389","Jalen Hurts"
"2025_16_GB_CHI","GB","00-0036264","Jordan Love"
"2025_16_TB_CAR","TB","00-0034855","Baker Mayfield"
"2025_16_BUF_CLE","BUF","00-0034857","Josh Allen"
"2025_16_LAC_DAL","LAC","00-0036355","Justin Herbert"
"2025_16_CIN_MIA","CIN","00-0036442","Joe Burrow"
"2025_16_NYJ_NO","NYJ","00-0028118","Tyrod Taylor"
"2025_16_MIN_NYG","MIN","00-0039923","J.J. McCarthy"
"2025_16_KC_TEN","KC","00-0035289","Gardner Minshew"
"2025_16_ATL_ARI","ATL","00-0029604","Kirk Cousins"
"2025_16_JAX_DEN","JAX","00-0036971","Trevor Lawrence"
"2025_16_PIT_DET","PIT","00-0023459","Aaron Rodgers"
"2025_16_LV_HOU","LV","00-0030565","Geno Smith"
"2025_16_NE_BAL","NE","00-0039851","Drake Maye"
"2025_16_SF_IND","SF","00-0037834","Brock Purdy"
"2025_17_DAL_WAS","DAL","00-0033077","Dak Prescott"
"2025_17_DET_MIN","DET","00-0033106","Jared Goff"
"2025_17_DEN_KC","DEN","00-0039732","Bo Nix"
"2025_17_HOU_LAC","HOU","00-0039163","C.J. Stroud"
"2025_17_BAL_GB","BAL","00-0035993","Tyler Huntley"
"2025_17_SEA_CAR","SEA","00-0034869","Sam Darnold"
"2025_17_ARI_CIN","ARI","00-0033119","Jacoby Brissett"
"2025_17_PIT_CLE","PIT","00-0023459","Aaron Rodgers"
"2025_17_JAX_IND","JAX","00-0036971","Trevor Lawrence"
"2025_17_TB_MIA","TB","00-0034855","Baker Mayfield"
"2025_17_NE_NYJ","NE","00-0039851","Drake Maye"
"2025_17_NO_TEN","NO","00-0040743","Tyler Shough"
"2025_17_NYG_LV","NYG","00-0040691","Jaxson Dart"
"2025_17_PHI_BUF","PHI","00-0036389","Jalen Hurts"
"2025_17_CHI_SF","CHI","00-0039918","Caleb Williams"
"2025_17_LA_ATL","LA","00-0026498","Matthew Stafford"
"2025_18_CAR_TB","CAR","00-0039150","Bryce Young"
"2025_18_SEA_SF","SEA","00-0034869","Sam Darnold"
"2025_18_NO_ATL","NO","00-0040743","Tyler Shough"
"2025_18_CLE_CIN","CLE","00-0040668","Shedeur Sanders"
"2025_18_IND_HOU","IND","00-0040206","Riley Leonard"
"2025_18_TEN_JAX","TEN","00-0040676","Cam Ward"
"2025_18_GB_MIN","GB","00-0038582","Clayton Tune"
"2025_18_DAL_NYG","DAL","00-0033077","Dak Prescott"
"2025_18_NYJ_BUF","NYJ","00-0040398","Brady Cook"
"2025_18_DET_CHI","DET","00-0033106","Jared Goff"
"2025_18_LAC_DEN","LAC","00-0037012","Trey Lance"
"2025_18_ARI_LA","ARI","00-0033119","Jacoby Brissett"
"2025_18_KC_LV","KC","00-0037324","Chris Oladokun"
"2025_18_MIA_NE","MIA","00-0040234","Quinn Ewers"
"2025_18_WAS_PHI","WAS","00-0026300","Josh Johnson"
"2025_18_BAL_PIT","BAL","00-0034796","Lamar Jackson"
"2026_01_NE_SEA","NE","00-0039851","Drake Maye"
"2026_01_SF_LA","SF","00-0037834","Brock Purdy"
"2026_01_CHI_CAR","CHI","00-0039918","Caleb Williams"
"2026_01_TB_CIN","TB","00-0034855","Baker Mayfield"
"2026_01_NO_DET","NO","00-0040743","Tyler Shough"
"2026_01_BUF_HOU","BUF","00-0034857","Josh Allen"
"2026_01_BAL_IND","BAL","00-0034796","Lamar Jackson"
"2026_01_CLE_JAX","CLE","00-0033537","Deshaun Watson"
"2026_01_ATL_PIT","ATL","00-0033662","Cooper Rush"
"2026_01_NYJ_TEN","NYJ","00-0030565","Geno Smith"
"2026_01_ARI_LAC","ARI","00-0033119","Jacoby Brissett"
"2026_01_MIA_LV","MIA","00-0038128","Malik Willis"
"2026_01_GB_MIN","GB","00-0036264","Jordan Love"
"2026_01_WAS_PHI","WAS","00-0039910","Jayden Daniels"
"2026_01_DAL_NYG","DAL","00-0033077","Dak Prescott"
"2026_01_DEN_KC","DEN","00-0039732","Bo Nix"
"2026_02_DET_BUF","DET","00-0033106","Jared Goff"
