"game_id","pfr_game_id","season","week","game_type","team","opponent","pfr_player_name","pfr_player_id","passing_drops","passing_drop_pct","receiving_drop","receiving_drop_pct","passing_bad_throws","passing_bad_throw_pct","times_sacked","times_blitzed","times_hurried","times_hit","times_pressured","times_pressured_pct","def_times_blitzed","def_times_hurried","def_times_hitqb"
"2025_01_DAL_PHI","202509040phi",2025,1,"REG","PHI","DAL","Jalen Hurts","HurtJa00",1,0.05,NA,NA,0,0,1,5,1,4,6,0.182,NA,NA,NA
"2025_01_DAL_PHI","202509040phi",2025,1,"REG","DAL","PHI","Dak Prescott","PresDa01",3,0.091,NA,NA,3,0.091,0,5,2,1,3,0.086,NA,NA,NA
"2025_01_KC_LAC","202509050sdg",2025,1,"REG","LAC","KC","Justin Herbert","HerbJu00",0,0,NA,NA,0,0,3,0,0,0,3,0.073,NA,NA,NA
"2025_01_KC_LAC","202509050sdg",2025,1,"REG","KC","LAC","Patrick Mahomes","MahoPa00",0,0,NA,NA,0,0,2,0,0,0,2,0.043,NA,NA,NA
"2025_01_TB_ATL","202509070atl",2025,1,"REG","ATL","TB","Michael Penix","PeniMi00",1,0.024,NA,NA,5,0.122,1,10,1,3,5,0.106,NA,NA,NA
"2025_01_TB_ATL","202509070atl",2025,1,"REG","TB","ATL","Baker Mayfield","MayfBa00",0,0,NA,NA,5,0.172,1,10,0,1,2,0.054,NA,NA,NA
"2025_01_CIN_CLE","202509070cle",2025,1,"REG","CLE","CIN","Joe Flacco","FlacJo00",2,0.048,NA,NA,4,0.095,2,2,4,3,9,0.188,NA,NA,NA
"2025_01_CIN_CLE","202509070cle",2025,1,"REG","CIN","CLE","Joe Burrow","BurrJo01",2,0.087,NA,NA,3,0.13,3,7,1,4,8,0.286,NA,NA,NA
"2025_01_MIA_IND","202509070clt",2025,1,"REG","IND","MIA","Daniel Jones","JoneDa05",0,0,NA,NA,3,0.103,1,16,4,1,6,0.182,NA,NA,NA
"2025_01_MIA_IND","202509070clt",2025,1,"REG","MIA","IND","Tua Tagovailoa","TagoTu00",2,0.087,NA,NA,4,0.174,3,8,3,1,7,0.259,NA,NA,NA
"2025_01_MIA_IND","202509070clt",2025,1,"REG","MIA","IND","Zach Wilson","WilsZa00",0,0,NA,NA,2,0.25,0,1,0,0,0,0,NA,NA,NA
"2025_01_CAR_JAX","202509070jax",2025,1,"REG","JAX","CAR","Trevor Lawrence","LawrTr00",3,0.103,NA,NA,3,0.103,0,5,0,1,1,0.03,NA,NA,NA
"2025_01_CAR_JAX","202509070jax",2025,1,"REG","CAR","JAX","Bryce Young","YounBr01",1,0.029,NA,NA,7,0.206,1,6,0,4,5,0.125,NA,NA,NA
"2025_01_LV_NE","202509070nwe",2025,1,"REG","NE","LV","Drake Maye","MayeDr00",1,0.022,NA,NA,11,0.244,4,12,4,6,14,0.264,NA,NA,NA
"2025_01_LV_NE","202509070nwe",2025,1,"REG","LV","NE","Geno Smith","SmitGe00",2,0.061,NA,NA,3,0.091,4,17,1,3,8,0.205,NA,NA,NA
"2025_01_ARI_NO","202509070nor",2025,1,"REG","NO","ARI","Spencer Rattler","RattSp00",0,0,NA,NA,5,0.119,1,9,5,1,7,0.143,NA,NA,NA
"2025_01_ARI_NO","202509070nor",2025,1,"REG","ARI","NO","Kyler Murray","MurrKy00",0,0,NA,NA,6,0.207,5,10,3,0,8,0.216,NA,NA,NA
"2025_01_PIT_NYJ","202509070nyj",2025,1,"REG","NYJ","PIT","Justin Fields","FielJu00",0,0,NA,NA,1,0.045,1,9,0,5,6,0.231,NA,NA,NA
"2025_01_PIT_NYJ","202509070nyj",2025,1,"REG","PIT","NYJ","Aaron Rodgers","RodgAa00",1,0.034,NA,NA,2,0.069,4,12,0,3,7,0.206,NA,NA,NA
"2025_01_NYG_WAS","202509070was",2025,1,"REG","WAS","NYG","Jayden Daniels","DaniJa02",1,0.034,NA,NA,6,0.207,3,7,0,1,4,0.105,NA,NA,NA
"2025_01_NYG_WAS","202509070was",2025,1,"REG","NYG","WAS","Russell Wilson","WilsRu00",1,0.032,NA,NA,7,0.226,2,9,2,6,10,0.222,NA,NA,NA
"2025_01_TEN_DEN","202509070den",2025,1,"REG","DEN","TEN","Bo Nix","NixxBo00",1,0.026,NA,NA,7,0.184,1,10,6,3,10,0.238,NA,NA,NA
"2025_01_TEN_DEN","202509070den",2025,1,"REG","TEN","DEN","Cam Ward","WardCa00",5,0.2,NA,NA,4,0.16,6,9,8,5,19,0.559,NA,NA,NA
"2025_01_SF_SEA","202509070sea",2025,1,"REG","SEA","SF","Sam Darnold","DarnSa00",0,0,NA,NA,4,0.182,1,4,3,2,6,0.24,NA,NA,NA
"2025_01_SF_SEA","202509070sea",2025,1,"REG","SF","SEA","Brock Purdy","PurdBr00",0,0,NA,NA,4,0.118,1,6,6,7,14,0.359,NA,NA,NA
"2025_01_DET_GB","202509070gnb",2025,1,"REG","GB","DET","Jordan Love","LoveJo03",0,0,NA,NA,4,0.182,0,8,0,2,2,0.087,NA,NA,NA
"2025_01_DET_GB","202509070gnb",2025,1,"REG","DET","GB","Jared Goff","GoffJa00",0,0,NA,NA,4,0.105,4,4,4,3,11,0.256,NA,NA,NA
"2025_01_HOU_LA","202509070ram",2025,1,"REG","LA","HOU","Matthew Stafford","StafMa00",2,0.071,NA,NA,4,0.143,3,9,0,3,6,0.188,NA,NA,NA
"2025_01_HOU_LA","202509070ram",2025,1,"REG","HOU","LA","C.J. Stroud","StroCJ00",1,0.037,NA,NA,3,0.111,3,6,1,4,8,0.235,NA,NA,NA
"2025_01_BAL_BUF","202509070buf",2025,1,"REG","BUF","BAL","Josh Allen","AlleJo02",2,0.044,NA,NA,6,0.133,1,6,2,2,5,0.096,NA,NA,NA
"2025_01_BAL_BUF","202509070buf",2025,1,"REG","BAL","BUF","Lamar Jackson","JackLa00",0,0,NA,NA,4,0.211,2,9,1,1,4,0.182,NA,NA,NA
"2025_01_MIN_CHI","202509080chi",2025,1,"REG","CHI","MIN","Caleb Williams","WillCa03",1,0.029,NA,NA,9,0.257,2,11,7,2,11,0.256,NA,NA,NA
"2025_01_MIN_CHI","202509080chi",2025,1,"REG","MIN","CHI","J.J. McCarthy","McCaJJ00",0,0,NA,NA,3,0.15,3,3,2,2,7,0.292,NA,NA,NA
"2025_02_WAS_GB","202509110gnb",2025,2,"REG","GB","WAS","Jordan Love","LoveJo03",1,0.037,NA,NA,4,0.148,2,14,3,1,6,0.176,NA,NA,NA
"2025_02_WAS_GB","202509110gnb",2025,2,"REG","WAS","GB","Jayden Daniels","DaniJa02",1,0.025,NA,NA,7,0.175,4,10,3,6,13,0.25,NA,NA,NA
"2025_02_CLE_BAL","202509140rav",2025,2,"REG","BAL","CLE","Lamar Jackson","JackLa00",1,0.036,NA,NA,4,0.143,3,11,1,1,5,0.152,NA,NA,NA
"2025_02_CLE_BAL","202509140rav",2025,2,"REG","CLE","BAL","Joe Flacco","FlacJo00",3,0.077,NA,NA,6,0.154,2,10,4,7,13,0.271,NA,NA,NA
"2025_02_CLE_BAL","202509140rav",2025,2,"REG","CLE","BAL","Dillon Gabriel","GabrDi00",0,0,NA,NA,0,0,0,0,0,0,0,0,NA,NA,NA
"2025_02_JAX_CIN","202509140cin",2025,2,"REG","CIN","JAX","Jake Browning","BrowJa08",0,0,NA,NA,6,0.194,1,8,3,4,8,0.242,NA,NA,NA
"2025_02_JAX_CIN","202509140cin",2025,2,"REG","CIN","JAX","Joe Burrow","BurrJo01",0,0,NA,NA,0,0,2,6,1,2,5,0.333,NA,NA,NA
"2025_02_JAX_CIN","202509140cin",2025,2,"REG","JAX","CIN","Trevor Lawrence","LawrTr00",6,0.146,NA,NA,5,0.122,1,7,1,3,5,0.114,NA,NA,NA
"2025_02_NYG_DAL","202509140dal",2025,2,"REG","DAL","NYG","Dak Prescott","PresDa01",3,0.058,NA,NA,4,0.077,3,20,5,2,10,0.175,NA,NA,NA
"2025_02_NYG_DAL","202509140dal",2025,2,"REG","NYG","DAL","Russell Wilson","WilsRu00",2,0.05,NA,NA,7,0.175,3,6,6,4,13,0.289,NA,NA,NA
"2025_02_CHI_DET","202509140det",2025,2,"REG","DET","CHI","Jared Goff","GoffJa00",2,0.071,NA,NA,3,0.107,0,1,1,4,5,0.172,NA,NA,NA
"2025_02_CHI_DET","202509140det",2025,2,"REG","CHI","DET","Caleb Williams","WillCa03",2,0.067,NA,NA,6,0.2,4,7,2,0,6,0.167,NA,NA,NA
"2025_02_CHI_DET","202509140det",2025,2,"REG","CHI","DET","Tyson Bagent","BageTy00",0,0,NA,NA,1,0.333,0,0,0,0,0,0,NA,NA,NA
"2025_02_NE_MIA","202509140mia",2025,2,"REG","MIA","NE","Tua Tagovailoa","TagoTu00",0,0,NA,NA,5,0.156,5,1,1,2,8,0.216,NA,NA,NA
"2025_02_NE_MIA","202509140mia",2025,2,"REG","NE","MIA","Drake Maye","MayeDr00",0,0,NA,NA,2,0.087,3,9,1,0,4,0.133,NA,NA,NA
"2025_02_SF_NO","202509140nor",2025,2,"REG","NO","SF","Spencer Rattler","RattSp00",2,0.059,NA,NA,4,0.118,3,6,0,2,5,0.125,NA,NA,NA
"2025_02_SF_NO","202509140nor",2025,2,"REG","SF","NO","Mac Jones","JoneMa05",1,0.026,NA,NA,6,0.158,3,3,1,3,7,0.163,NA,NA,NA
"2025_02_BUF_NYJ","202509140nyj",2025,2,"REG","NYJ","BUF","Justin Fields","FielJu00",3,0.3,NA,NA,3,0.3,2,4,0,2,4,0.267,NA,NA,NA
"2025_02_BUF_NYJ","202509140nyj",2025,2,"REG","NYJ","BUF","Tyrod Taylor","TaylTy00",2,0.182,NA,NA,0,0,2,4,0,1,3,0.188,NA,NA,NA
"2025_02_BUF_NYJ","202509140nyj",2025,2,"REG","BUF","NYJ","Josh Allen","AlleJo02",1,0.043,NA,NA,3,0.13,1,3,0,1,2,0.067,NA,NA,NA
"2025_02_BUF_NYJ","202509140nyj",2025,2,"REG","BUF","NYJ","Mitchell Trubisky","TrubMi00",0,0,NA,NA,1,0.5,0,0,0,0,0,0,NA,NA,NA
"2025_02_SEA_PIT","202509140pit",2025,2,"REG","PIT","SEA","Aaron Rodgers","RodgAa00",2,0.069,NA,NA,5,0.172,3,2,7,5,15,0.405,NA,NA,NA
"2025_02_SEA_PIT","202509140pit",2025,2,"REG","PIT","SEA","Mason Rudolph","RudoMa00",0,0,NA,NA,0,0,0,0,0,0,0,0,NA,NA,NA
"2025_02_SEA_PIT","202509140pit",2025,2,"REG","SEA","PIT","Sam Darnold","DarnSa00",0,0,NA,NA,3,0.1,2,15,3,5,10,0.286,NA,NA,NA
"2025_02_LA_TEN","202509140oti",2025,2,"REG","TEN","LA","Cam Ward","WardCa00",2,0.065,NA,NA,6,0.194,5,3,1,4,10,0.244,NA,NA,NA
"2025_02_LA_TEN","202509140oti",2025,2,"REG","LA","TEN","Matthew Stafford","StafMa00",2,0.061,NA,NA,4,0.121,1,9,1,5,7,0.206,NA,NA,NA
"2025_02_CAR_ARI","202509140crd",2025,2,"REG","ARI","CAR","Kyler Murray","MurrKy00",1,0.04,NA,NA,4,0.16,1,7,0,3,4,0.138,NA,NA,NA
"2025_02_CAR_ARI","202509140crd",2025,2,"REG","CAR","ARI","Bryce Young","YounBr01",3,0.056,NA,NA,9,0.167,3,7,2,6,11,0.186,NA,NA,NA
"2025_02_DEN_IND","202509140clt",2025,2,"REG","IND","DEN","Daniel Jones","JoneDa05",1,0.03,NA,NA,4,0.121,1,21,1,4,6,0.158,NA,NA,NA
"2025_02_DEN_IND","202509140clt",2025,2,"REG","DEN","IND","Bo Nix","NixxBo00",0,0,NA,NA,5,0.167,0,9,1,0,1,0.031,NA,NA,NA
"2025_02_PHI_KC","202509140kan",2025,2,"REG","KC","PHI","Patrick Mahomes","MahoPa00",4,0.138,NA,NA,6,0.207,2,10,0,7,9,0.237,NA,NA,NA
"2025_02_PHI_KC","202509140kan",2025,2,"REG","PHI","KC","Jalen Hurts","HurtJa00",0,0,NA,NA,2,0.095,2,13,1,2,5,0.2,NA,NA,NA
"2025_02_ATL_MIN","202509140min",2025,2,"REG","MIN","ATL","J.J. McCarthy","McCaJJ00",1,0.048,NA,NA,7,0.333,6,11,1,3,10,0.333,NA,NA,NA
"2025_02_ATL_MIN","202509140min",2025,2,"REG","ATL","MIN","Michael Penix","PeniMi00",1,0.048,NA,NA,6,0.286,3,9,2,2,7,0.292,NA,NA,NA
"2025_02_TB_HOU","202509150htx",2025,2,"REG","HOU","TB","C.J. Stroud","StroCJ00",0,0,NA,NA,8,0.348,3,12,0,2,5,0.167,NA,NA,NA
"2025_02_TB_HOU","202509150htx",2025,2,"REG","TB","HOU","Baker Mayfield","MayfBa00",2,0.056,NA,NA,6,0.167,4,12,2,3,9,0.2,NA,NA,NA
"2025_02_LAC_LV","202509150rai",2025,2,"REG","LV","LAC","Geno Smith","SmitGe00",0,0,NA,NA,9,0.209,3,5,1,2,6,0.125,NA,NA,NA
"2025_02_LAC_LV","202509150rai",2025,2,"REG","LAC","LV","Justin Herbert","HerbJu00",0,0,NA,NA,2,0.074,2,10,0,1,3,0.094,NA,NA,NA
"2025_03_MIA_BUF","202509180buf",2025,3,"REG","BUF","MIA","Josh Allen","AlleJo02",1,0.037,NA,NA,1,0.037,2,13,4,0,6,0.188,NA,NA,NA
"2025_03_MIA_BUF","202509180buf",2025,3,"REG","MIA","BUF","Tua Tagovailoa","TagoTu00",0,0,NA,NA,9,0.273,0,8,15,1,16,0.457,NA,NA,NA
"2025_03_ATL_CAR","202509210car",2025,3,"REG","CAR","ATL","Bryce Young","YounBr01",1,0.042,NA,NA,5,0.208,1,10,2,2,5,0.185,NA,NA,NA
"2025_03_ATL_CAR","202509210car",2025,3,"REG","ATL","CAR","Michael Penix","PeniMi00",2,0.061,NA,NA,12,0.364,0,7,1,2,3,0.079,NA,NA,NA
"2025_03_ATL_CAR","202509210car",2025,3,"REG","ATL","CAR","Kirk Cousins","CousKi00",1,0.143,NA,NA,1,0.143,0,0,0,0,0,0,NA,NA,NA
"2025_03_GB_CLE","202509210cle",2025,3,"REG","CLE","GB","Joe Flacco","FlacJo00",0,0,NA,NA,9,0.273,2,11,0,8,10,0.263,NA,NA,NA
"2025_03_GB_CLE","202509210cle",2025,3,"REG","GB","CLE","Jordan Love","LoveJo03",1,0.04,NA,NA,5,0.2,5,7,1,0,6,0.194,NA,NA,NA
"2025_03_HOU_JAX","202509210jax",2025,3,"REG","JAX","HOU","Trevor Lawrence","LawrTr00",5,0.132,NA,NA,6,0.158,2,5,2,1,5,0.116,NA,NA,NA
"2025_03_HOU_JAX","202509210jax",2025,3,"REG","HOU","JAX","C.J. Stroud","StroCJ00",2,0.056,NA,NA,4,0.111,2,8,3,3,8,0.186,NA,NA,NA
"2025_03_CIN_MIN","202509210min",2025,3,"REG","MIN","CIN","Carson Wentz","WentCa00",0,0,NA,NA,5,0.25,3,3,0,1,4,0.16,NA,NA,NA
"2025_03_CIN_MIN","202509210min",2025,3,"REG","MIN","CIN","Max Brosmer","BrosMa00",2,0.5,NA,NA,0,0,0,1,0,0,0,0,NA,NA,NA
"2025_03_CIN_MIN","202509210min",2025,3,"REG","CIN","MIN","Jake Browning","BrowJa08",0,0,NA,NA,4,0.154,3,9,1,6,10,0.333,NA,NA,NA
"2025_03_PIT_NE","202509210nwe",2025,3,"REG","NE","PIT","Drake Maye","MayeDr00",1,0.028,NA,NA,3,0.083,5,15,5,3,13,0.277,NA,NA,NA
"2025_03_PIT_NE","202509210nwe",2025,3,"REG","PIT","NE","Aaron Rodgers","RodgAa00",1,0.043,NA,NA,6,0.261,0,7,2,3,5,0.208,NA,NA,NA
"2025_03_LA_PHI","202509210phi",2025,3,"REG","PHI","LA","Jalen Hurts","HurtJa00",0,0,NA,NA,3,0.1,4,15,2,0,6,0.162,NA,NA,NA
"2025_03_LA_PHI","202509210phi",2025,3,"REG","LA","PHI","Matthew Stafford","StafMa00",0,0,NA,NA,10,0.303,1,11,1,6,8,0.235,NA,NA,NA
"2025_03_LA_PHI","202509210phi",2025,3,"REG","LA","PHI","Joshua Karty","KartJo00",0,0,NA,NA,0,0,0,0,0,0,0,0,NA,NA,NA
"2025_03_NYJ_TB","202509210tam",2025,3,"REG","TB","NYJ","Baker Mayfield","MayfBa00",4,0.143,NA,NA,4,0.143,1,9,1,1,3,0.091,NA,NA,NA
"2025_03_NYJ_TB","202509210tam",2025,3,"REG","NYJ","TB","Tyrod Taylor","TaylTy00",4,0.114,NA,NA,1,0.029,4,18,1,6,11,0.234,NA,NA,NA
"2025_03_IND_TEN","202509210oti",2025,3,"REG","TEN","IND","Cam Ward","WardCa00",1,0.029,NA,NA,7,0.206,4,10,3,3,10,0.222,NA,NA,NA
"2025_03_IND_TEN","202509210oti",2025,3,"REG","IND","TEN","Daniel Jones","JoneDa05",2,0.08,NA,NA,2,0.08,0,3,0,2,2,0.074,NA,NA,NA
"2025_03_LV_WAS","202509210was",2025,3,"REG","WAS","LV","Marcus Mariota","MariMa01",1,0.056,NA,NA,0,0,1,6,0,2,3,0.13,NA,NA,NA
"2025_03_LV_WAS","202509210was",2025,3,"REG","LV","WAS","Geno Smith","SmitGe00",0,0,NA,NA,4,0.148,5,9,0,3,8,0.235,NA,NA,NA
"2025_03_DEN_LAC","202509210sdg",2025,3,"REG","LAC","DEN","Justin Herbert","HerbJu00",2,0.043,NA,NA,11,0.239,5,14,8,9,22,0.415,NA,NA,NA
"2025_03_DEN_LAC","202509210sdg",2025,3,"REG","DEN","LAC","Bo Nix","NixxBo00",0,0,NA,NA,6,0.261,2,5,4,3,9,0.281,NA,NA,NA
"2025_03_NO_SEA","202509210sea",2025,3,"REG","SEA","NO","Sam Darnold","DarnSa00",0,0,NA,NA,2,0.118,0,6,1,2,3,0.167,NA,NA,NA
"2025_03_NO_SEA","202509210sea",2025,3,"REG","SEA","NO","Drew Lock","LockDr00",0,0,NA,NA,0,0,0,2,0,0,0,0,NA,NA,NA
"2025_03_NO_SEA","202509210sea",2025,3,"REG","NO","SEA","Spencer Rattler","RattSp00",1,0.026,NA,NA,4,0.103,2,9,2,2,6,0.14,NA,NA,NA
"2025_03_NO_SEA","202509210sea",2025,3,"REG","NO","SEA","Tyler Shough","ShouTy00",0,0,NA,NA,2,1,0,1,0,0,0,0,NA,NA,NA
"2025_03_DAL_CHI","202509210chi",2025,3,"REG","CHI","DAL","Caleb Williams","WillCa03",0,0,NA,NA,7,0.25,0,7,5,1,6,0.214,NA,NA,NA
"2025_03_DAL_CHI","202509210chi",2025,3,"REG","DAL","CHI","Dak Prescott","PresDa01",1,0.026,NA,NA,4,0.103,2,7,4,5,11,0.262,NA,NA,NA
"2025_03_DAL_CHI","202509210chi",2025,3,"REG","DAL","CHI","Joe Milton","MiltJo00",0,0,NA,NA,2,0.4,0,1,0,0,0,0,NA,NA,NA
"2025_03_ARI_SF","202509210sfo",2025,3,"REG","SF","ARI","Mac Jones","JoneMa05",2,0.053,NA,NA,6,0.158,1,11,2,7,10,0.238,NA,NA,NA
"2025_03_ARI_SF","202509210sfo",2025,3,"REG","ARI","SF","Kyler Murray","MurrKy00",2,0.059,NA,NA,5,0.147,1,8,1,3,5,0.122,NA,NA,NA
"2025_03_KC_NYG","202509210nyg",2025,3,"REG","NYG","KC","Russell Wilson","WilsRu00",0,0,NA,NA,7,0.241,2,7,2,5,9,0.243,NA,NA,NA
"2025_03_KC_NYG","202509210nyg",2025,3,"REG","KC","NYG","Patrick Mahomes","MahoPa00",1,0.029,NA,NA,6,0.176,2,7,0,7,9,0.22,NA,NA,NA
"2025_03_DET_BAL","202509220rav",2025,3,"REG","BAL","DET","Lamar Jackson","JackLa00",0,0,NA,NA,5,0.185,7,17,2,0,9,0.243,NA,NA,NA
"2025_03_DET_BAL","202509220rav",2025,3,"REG","BAL","DET","Derrick Henry","HenrDe00",0,0,NA,NA,0,0,0,1,0,0,0,0,NA,NA,NA
"2025_03_DET_BAL","202509220rav",2025,3,"REG","DET","BAL","Jared Goff","GoffJa00",0,0,NA,NA,5,0.192,0,10,1,5,6,0.207,NA,NA,NA
"2025_04_SEA_ARI","202509250crd",2025,4,"REG","ARI","SEA","Kyler Murray","MurrKy00",2,0.05,NA,NA,6,0.15,6,8,1,1,8,0.157,NA,NA,NA
"2025_04_SEA_ARI","202509250crd",2025,4,"REG","SEA","ARI","Sam Darnold","DarnSa00",1,0.042,NA,NA,3,0.125,3,10,0,0,3,0.1,NA,NA,NA
"2025_04_MIN_PIT","202509280pit",2025,4,"REG","PIT","MIN","Aaron Rodgers","RodgAa00",1,0.045,NA,NA,3,0.136,2,12,3,1,6,0.24,NA,NA,NA
"2025_04_MIN_PIT","202509280pit",2025,4,"REG","MIN","PIT","Carson Wentz","WentCa00",2,0.048,NA,NA,4,0.095,6,16,7,5,18,0.333,NA,NA,NA
"2025_04_WAS_ATL","202509280atl",2025,4,"REG","ATL","WAS","Michael Penix","PeniMi00",1,0.038,NA,NA,5,0.192,1,7,0,1,2,0.071,NA,NA,NA
"2025_04_WAS_ATL","202509280atl",2025,4,"REG","WAS","ATL","Marcus Mariota","MariMa01",0,0,NA,NA,6,0.25,2,14,2,3,7,0.233,NA,NA,NA
"2025_04_NO_BUF","202509280buf",2025,4,"REG","BUF","NO","Josh Allen","AlleJo02",0,0,NA,NA,2,0.091,3,5,0,4,7,0.25,NA,NA,NA
"2025_04_NO_BUF","202509280buf",2025,4,"REG","NO","BUF","Spencer Rattler","RattSp00",3,0.125,NA,NA,1,0.042,3,5,2,1,6,0.176,NA,NA,NA
"2025_04_NO_BUF","202509280buf",2025,4,"REG","NO","BUF","Chris Olave","OlavCh00",0,0,NA,NA,0,0,0,0,0,0,0,0,NA,NA,NA
"2025_04_CLE_DET","202509280det",2025,4,"REG","DET","CLE","Jared Goff","GoffJa00",2,0.08,NA,NA,7,0.28,0,5,3,5,8,0.296,NA,NA,NA
"2025_04_CLE_DET","202509280det",2025,4,"REG","CLE","DET","Joe Flacco","FlacJo00",2,0.061,NA,NA,7,0.212,3,14,4,6,13,0.351,NA,NA,NA
"2025_04_CLE_DET","202509280det",2025,4,"REG","CLE","DET","Dillon Gabriel","GabrDi00",0,0,NA,NA,1,1,0,1,0,0,0,0,NA,NA,NA
"2025_04_TEN_HOU","202509280htx",2025,4,"REG","HOU","TEN","C.J. Stroud","StroCJ00",0,0,NA,NA,5,0.179,2,4,0,3,5,0.156,NA,NA,NA
"2025_04_TEN_HOU","202509280htx",2025,4,"REG","TEN","HOU","Cam Ward","WardCa00",0,0,NA,NA,8,0.333,2,4,2,5,9,0.3,NA,NA,NA
"2025_04_CAR_NE","202509280nwe",2025,4,"REG","NE","CAR","Drake Maye","MayeDr00",0,0,NA,NA,1,0.063,1,3,0,0,1,0.048,NA,NA,NA
"2025_04_CAR_NE","202509280nwe",2025,4,"REG","NE","CAR","Joshua Dobbs","DobbJo00",0,0,NA,NA,1,1,0,1,0,0,0,0,NA,NA,NA
"2025_04_CAR_NE","202509280nwe",2025,4,"REG","CAR","NE","Bryce Young","YounBr01",0,0,NA,NA,6,0.231,1,4,0,3,4,0.125,NA,NA,NA
"2025_04_CAR_NE","202509280nwe",2025,4,"REG","CAR","NE","Andy Dalton","DaltAn00",0,0,NA,NA,1,0.167,0,1,0,0,0,0,NA,NA,NA
"2025_04_LAC_NYG","202509280nyg",2025,4,"REG","NYG","LAC","Jaxson Dart","DartJa00",0,0,NA,NA,4,0.211,5,9,4,2,11,0.393,NA,NA,NA
"2025_04_LAC_NYG","202509280nyg",2025,4,"REG","NYG","LAC","Russell Wilson","WilsRu00",0,0,NA,NA,0,0,1,0,0,0,1,0.5,NA,NA,NA
"2025_04_LAC_NYG","202509280nyg",2025,4,"REG","LAC","NYG","Justin Herbert","HerbJu00",3,0.079,NA,NA,7,0.184,2,15,5,10,17,0.386,NA,NA,NA
"2025_04_PHI_TB","202509280tam",2025,4,"REG","TB","PHI","Baker Mayfield","MayfBa00",0,0,NA,NA,7,0.179,2,11,5,0,7,0.159,NA,NA,NA
"2025_04_PHI_TB","202509280tam",2025,4,"REG","PHI","TB","Jalen Hurts","HurtJa00",0,0,NA,NA,4,0.167,2,11,4,1,7,0.226,NA,NA,NA
"2025_04_IND_LA","202509280ram",2025,4,"REG","LA","IND","Matthew Stafford","StafMa00",1,0.026,NA,NA,6,0.154,3,11,2,6,11,0.244,NA,NA,NA
"2025_04_IND_LA","202509280ram",2025,4,"REG","IND","LA","Daniel Jones","JoneDa05",1,0.031,NA,NA,4,0.125,2,5,1,6,9,0.257,NA,NA,NA
"2025_04_JAX_SF","202509280sfo",2025,4,"REG","SF","JAX","Brock Purdy","PurdBr00",5,0.139,NA,NA,9,0.25,1,3,5,3,9,0.225,NA,NA,NA
"2025_04_JAX_SF","202509280sfo",2025,4,"REG","JAX","SF","Trevor Lawrence","LawrTr00",2,0.067,NA,NA,5,0.167,0,5,1,0,1,0.031,NA,NA,NA
"2025_04_BAL_KC","202509280kan",2025,4,"REG","KC","BAL","Patrick Mahomes","MahoPa00",2,0.057,NA,NA,6,0.171,1,11,1,2,4,0.1,NA,NA,NA
"2025_04_BAL_KC","202509280kan",2025,4,"REG","BAL","KC","Lamar Jackson","JackLa00",0,0,NA,NA,1,0.056,3,7,0,4,7,0.259,NA,NA,NA
"2025_04_BAL_KC","202509280kan",2025,4,"REG","BAL","KC","Cooper Rush","RushCo00",1,0.083,NA,NA,1,0.083,0,1,0,2,2,0.154,NA,NA,NA
"2025_04_CHI_LV","202509280rai",2025,4,"REG","LV","CHI","Geno Smith","SmitGe00",1,0.05,NA,NA,1,0.05,0,7,0,1,1,0.043,NA,NA,NA
"2025_04_CHI_LV","202509280rai",2025,4,"REG","CHI","LV","Caleb Williams","WillCa03",2,0.056,NA,NA,6,0.167,1,10,6,1,8,0.195,NA,NA,NA
"2025_04_GB_DAL","202509280dal",2025,4,"REG","DAL","GB","Dak Prescott","PresDa01",1,0.026,NA,NA,2,0.053,1,7,4,4,9,0.22,NA,NA,NA
"2025_04_GB_DAL","202509280dal",2025,4,"REG","GB","DAL","Jordan Love","LoveJo03",1,0.028,NA,NA,3,0.083,1,13,5,4,10,0.217,NA,NA,NA
"2025_04_NYJ_MIA","202509290mia",2025,4,"REG","MIA","NYJ","Tua Tagovailoa","TagoTu00",1,0.04,NA,NA,4,0.16,0,9,6,0,6,0.222,NA,NA,NA
"2025_04_NYJ_MIA","202509290mia",2025,4,"REG","NYJ","MIA","Justin Fields","FielJu00",1,0.037,NA,NA,3,0.111,2,8,1,1,4,0.114,NA,NA,NA
"2025_04_CIN_DEN","202509290den",2025,4,"REG","DEN","CIN","Bo Nix","NixxBo00",5,0.119,NA,NA,7,0.167,0,6,7,1,8,0.182,NA,NA,NA
"2025_04_CIN_DEN","202509290den",2025,4,"REG","CIN","DEN","Jake Browning","BrowJa08",1,0.045,NA,NA,5,0.227,3,2,2,2,7,0.241,NA,NA,NA
"2025_05_SF_LA","202510020ram",2025,5,"REG","LA","SF","Matthew Stafford","StafMa00",4,0.087,NA,NA,8,0.174,1,6,0,1,2,0.042,NA,NA,NA
"2025_05_SF_LA","202510020ram",2025,5,"REG","SF","LA","Mac Jones","JoneMa05",1,0.021,NA,NA,9,0.188,1,6,0,7,8,0.16,NA,NA,NA
"2025_05_MIN_CLE","202510050cle",2025,5,"REG","CLE","MIN","Dillon Gabriel","GabrDi00",1,0.031,NA,NA,7,0.219,2,13,6,1,9,0.25,NA,NA,NA
"2025_05_MIN_CLE","202510050cle",2025,5,"REG","MIN","CLE","Carson Wentz","WentCa00",0,0,NA,NA,5,0.152,3,9,1,0,4,0.1,NA,NA,NA
"2025_05_MIN_CLE","202510050cle",2025,5,"REG","MIN","CLE","Cam Akers","AkerCa00",0,0,NA,NA,0,0,0,1,0,0,0,0,NA,NA,NA
"2025_05_HOU_BAL","202510050rav",2025,5,"REG","BAL","HOU","Cooper Rush","RushCo00",1,0.05,NA,NA,4,0.2,1,5,0,1,2,0.095,NA,NA,NA
"2025_05_HOU_BAL","202510050rav",2025,5,"REG","HOU","BAL","C.J. Stroud","StroCJ00",1,0.037,NA,NA,3,0.111,2,10,0,1,3,0.1,NA,NA,NA
"2025_05_HOU_BAL","202510050rav",2025,5,"REG","HOU","BAL","Davis Mills","MillDa02",1,0.25,NA,NA,1,0.25,0,1,0,1,1,0.2,NA,NA,NA
"2025_05_MIA_CAR","202510050car",2025,5,"REG","CAR","MIA","Bryce Young","YounBr01",0,0,NA,NA,6,0.222,3,7,2,4,9,0.265,NA,NA,NA
"2025_05_MIA_CAR","202510050car",2025,5,"REG","MIA","CAR","Tua Tagovailoa","TagoTu00",3,0.088,NA,NA,3,0.088,3,5,2,0,5,0.125,NA,NA,NA
"2025_05_LV_IND","202510050clt",2025,5,"REG","IND","LV","Daniel Jones","JoneDa05",2,0.069,NA,NA,5,0.172,0,4,2,2,4,0.138,NA,NA,NA
"2025_05_LV_IND","202510050clt",2025,5,"REG","IND","LV","Anthony Richardson","RichAn03",0,0,NA,NA,1,0.5,0,0,0,0,0,0,NA,NA,NA
"2025_05_LV_IND","202510050clt",2025,5,"REG","IND","LV","Tyler Warren","WarrTy00",0,0,NA,NA,0,0,0,0,0,1,1,1,NA,NA,NA
"2025_05_LV_IND","202510050clt",2025,5,"REG","LV","IND","Geno Smith","SmitGe00",0,0,NA,NA,5,0.139,4,7,1,1,6,0.146,NA,NA,NA
"2025_05_NYG_NO","202510050nor",2025,5,"REG","NO","NYG","Spencer Rattler","RattSp00",3,0.1,NA,NA,3,0.1,0,5,2,2,4,0.129,NA,NA,NA
"2025_05_NYG_NO","202510050nor",2025,5,"REG","NO","NYG","Taysom Hill","HillTa00",0,0,NA,NA,0,0,0,1,0,0,0,0,NA,NA,NA
"2025_05_NYG_NO","202510050nor",2025,5,"REG","NYG","NO","Jaxson Dart","DartJa00",3,0.077,NA,NA,5,0.128,1,13,4,5,10,0.217,NA,NA,NA
"2025_05_DAL_NYJ","202510050nyj",2025,5,"REG","NYJ","DAL","Justin Fields","FielJu00",1,0.023,NA,NA,8,0.182,5,10,10,8,23,0.426,NA,NA,NA
"2025_05_DAL_NYJ","202510050nyj",2025,5,"REG","DAL","NYJ","Dak Prescott","PresDa01",0,0,NA,NA,6,0.214,1,11,2,2,5,0.152,NA,NA,NA
"2025_05_DEN_PHI","202510050phi",2025,5,"REG","PHI","DEN","Jalen Hurts","HurtJa00",0,0,NA,NA,8,0.211,6,12,0,3,9,0.2,NA,NA,NA
"2025_05_DEN_PHI","202510050phi",2025,5,"REG","DEN","PHI","Bo Nix","NixxBo00",2,0.054,NA,NA,9,0.243,2,3,0,5,7,0.163,NA,NA,NA
"2025_05_TEN_ARI","202510050crd",2025,5,"REG","ARI","TEN","Kyler Murray","MurrKy00",0,0,NA,NA,4,0.138,3,2,2,2,7,0.194,NA,NA,NA
"2025_05_TEN_ARI","202510050crd",2025,5,"REG","ARI","TEN","Jacoby Brissett","BrisJa00",0,0,NA,NA,1,1,0,0,0,0,0,0,NA,NA,NA
"2025_05_TEN_ARI","202510050crd",2025,5,"REG","TEN","ARI","Cam Ward","WardCa00",2,0.054,NA,NA,9,0.243,2,5,1,2,5,0.119,NA,NA,NA
"2025_05_TB_SEA","202510050sea",2025,5,"REG","SEA","TB","Sam Darnold","DarnSa00",0,0,NA,NA,2,0.059,0,9,4,2,6,0.176,NA,NA,NA
"2025_05_TB_SEA","202510050sea",2025,5,"REG","TB","SEA","Baker Mayfield","MayfBa00",0,0,NA,NA,1,0.031,1,3,3,0,4,0.105,NA,NA,NA
"2025_05_DET_CIN","202510050cin",2025,5,"REG","CIN","DET","Jake Browning","BrowJa08",0,0,NA,NA,3,0.075,2,4,2,7,11,0.244,NA,NA,NA
"2025_05_DET_CIN","202510050cin",2025,5,"REG","DET","CIN","Jared Goff","GoffJa00",0,0,NA,NA,3,0.136,4,11,0,4,8,0.296,NA,NA,NA
"2025_05_DET_CIN","202510050cin",2025,5,"REG","DET","CIN","David Montgomery","MontDa01",0,0,NA,NA,0,0,0,1,0,0,0,0,NA,NA,NA
"2025_05_WAS_LAC","202510050sdg",2025,5,"REG","LAC","WAS","Justin Herbert","HerbJu00",2,0.069,NA,NA,2,0.069,4,9,0,3,7,0.206,NA,NA,NA
"2025_05_WAS_LAC","202510050sdg",2025,5,"REG","LAC","WAS","Trey Lance","LancTr00",0,0,NA,NA,0,0,1,0,0,0,1,0.167,NA,NA,NA
"2025_05_WAS_LAC","202510050sdg",2025,5,"REG","WAS","LAC","Jayden Daniels","DaniJa02",2,0.087,NA,NA,4,0.174,1,9,1,0,2,0.063,NA,NA,NA
"2025_05_NE_BUF","202510050buf",2025,5,"REG","BUF","NE","Josh Allen","AlleJo02",2,0.067,NA,NA,3,0.1,1,6,0,3,4,0.103,NA,NA,NA
"2025_05_NE_BUF","202510050buf",2025,5,"REG","NE","BUF","Drake Maye","MayeDr00",2,0.071,NA,NA,4,0.143,4,8,5,4,13,0.361,NA,NA,NA
"2025_05_KC_JAX","202510060jax",2025,5,"REG","JAX","KC","Trevor Lawrence","LawrTr00",1,0.04,NA,NA,2,0.08,3,10,0,4,7,0.206,NA,NA,NA
"2025_05_KC_JAX","202510060jax",2025,5,"REG","KC","JAX","Patrick Mahomes","MahoPa00",0,0,NA,NA,6,0.15,0,11,2,4,6,0.13,NA,NA,NA
"2025_06_PHI_NYG","202510090nyg",2025,6,"REG","NYG","PHI","Jaxson Dart","DartJa00",1,0.04,NA,NA,4,0.16,2,10,1,1,4,0.125,NA,NA,NA
"2025_06_PHI_NYG","202510090nyg",2025,6,"REG","NYG","PHI","Russell Wilson","WilsRu00",0,0,NA,NA,1,1,0,1,0,0,0,0,NA,NA,NA
"2025_06_PHI_NYG","202510090nyg",2025,6,"REG","PHI","NYG","Jalen Hurts","HurtJa00",0,0,NA,NA,6,0.188,3,8,2,0,5,0.132,NA,NA,NA
"2025_06_DEN_NYJ","202510120nyj",2025,6,"REG","NYJ","DEN","Justin Fields","FielJu00",1,0.063,NA,NA,2,0.125,9,6,0,2,11,0.379,NA,NA,NA
"2025_06_DEN_NYJ","202510120nyj",2025,6,"REG","DEN","NYJ","Bo Nix","NixxBo00",2,0.074,NA,NA,4,0.148,1,4,0,1,2,0.061,NA,NA,NA
"2025_06_LA_BAL","202510120rav",2025,6,"REG","BAL","LA","Cooper Rush","RushCo00",0,0,NA,NA,4,0.222,0,3,2,3,5,0.263,NA,NA,NA
"2025_06_LA_BAL","202510120rav",2025,6,"REG","BAL","LA","Tyler Huntley","HuntTy01",0,0,NA,NA,4,0.286,4,7,1,4,9,0.429,NA,NA,NA
"2025_06_LA_BAL","202510120rav",2025,6,"REG","LA","BAL","Matthew Stafford","StafMa00",2,0.077,NA,NA,5,0.192,2,9,0,0,2,0.069,NA,NA,NA
"2025_06_DAL_CAR","202510120car",2025,6,"REG","CAR","DAL","Bryce Young","YounBr01",1,0.048,NA,NA,3,0.143,1,5,7,4,12,0.444,NA,NA,NA
"2025_06_DAL_CAR","202510120car",2025,6,"REG","DAL","CAR","Dak Prescott","PresDa01",0,0,NA,NA,5,0.147,0,8,3,2,5,0.147,NA,NA,NA
"2025_06_ARI_IND","202510120clt",2025,6,"REG","IND","ARI","Daniel Jones","JoneDa05",2,0.067,NA,NA,2,0.067,1,10,5,4,10,0.303,NA,NA,NA
"2025_06_ARI_IND","202510120clt",2025,6,"REG","ARI","IND","Jacoby Brissett","BrisJa00",1,0.024,NA,NA,10,0.244,2,11,9,10,21,0.447,NA,NA,NA
"2025_06_SEA_JAX","202510120jax",2025,6,"REG","JAX","SEA","Trevor Lawrence","LawrTr00",3,0.073,NA,NA,10,0.244,7,6,7,6,20,0.4,NA,NA,NA
"2025_06_SEA_JAX","202510120jax",2025,6,"REG","SEA","JAX","Sam Darnold","DarnSa00",2,0.083,NA,NA,2,0.083,1,5,2,3,6,0.207,NA,NA,NA
"2025_06_LAC_MIA","202510120mia",2025,6,"REG","MIA","LAC","Tua Tagovailoa","TagoTu00",1,0.033,NA,NA,4,0.133,2,3,0,2,4,0.114,NA,NA,NA
"2025_06_LAC_MIA","202510120mia",2025,6,"REG","MIA","LAC","Jaylen Waddle","WaddJa00",0,0,NA,NA,0,0,0,0,0,0,0,0,NA,NA,NA
"2025_06_LAC_MIA","202510120mia",2025,6,"REG","LAC","MIA","Justin Herbert","HerbJu00",3,0.079,NA,NA,4,0.105,1,9,2,6,9,0.231,NA,NA,NA
"2025_06_NE_NO","202510120nor",2025,6,"REG","NO","NE","Spencer Rattler","RattSp00",1,0.038,NA,NA,1,0.038,2,10,7,2,11,0.367,NA,NA,NA
"2025_06_NE_NO","202510120nor",2025,6,"REG","NE","NO","Drake Maye","MayeDr00",1,0.042,NA,NA,3,0.125,1,7,8,1,10,0.323,NA,NA,NA
"2025_06_CLE_PIT","202510120pit",2025,6,"REG","PIT","CLE","Aaron Rodgers","RodgAa00",2,0.069,NA,NA,4,0.138,0,8,4,2,6,0.194,NA,NA,NA
"2025_06_CLE_PIT","202510120pit",2025,6,"REG","CLE","PIT","Dillon Gabriel","GabrDi00",6,0.118,NA,NA,6,0.118,6,20,5,6,17,0.293,NA,NA,NA
"2025_06_TEN_LV","202510120rai",2025,6,"REG","LV","TEN","Geno Smith","SmitGe00",1,0.043,NA,NA,2,0.087,2,6,0,5,7,0.28,NA,NA,NA
"2025_06_TEN_LV","202510120rai",2025,6,"REG","TEN","LV","Cam Ward","WardCa00",0,0,NA,NA,7,0.206,6,7,3,3,12,0.273,NA,NA,NA
"2025_06_CIN_GB","202510120gnb",2025,6,"REG","GB","CIN","Jordan Love","LoveJo03",0,0,NA,NA,2,0.077,1,3,3,3,7,0.219,NA,NA,NA
"2025_06_CIN_GB","202510120gnb",2025,6,"REG","CIN","GB","Joe Flacco","FlacJo00",3,0.075,NA,NA,5,0.125,1,9,4,4,9,0.196,NA,NA,NA
"2025_06_SF_TB","202510120tam",2025,6,"REG","TB","SF","Baker Mayfield","MayfBa00",1,0.043,NA,NA,3,0.13,1,6,1,0,2,0.08,NA,NA,NA
"2025_06_SF_TB","202510120tam",2025,6,"REG","SF","TB","Mac Jones","JoneMa05",2,0.054,NA,NA,4,0.108,6,12,2,1,9,0.191,NA,NA,NA
"2025_06_DET_KC","202510120kan",2025,6,"REG","KC","DET","Patrick Mahomes","MahoPa00",2,0.071,NA,NA,3,0.107,3,2,3,1,7,0.184,NA,NA,NA
"2025_06_DET_KC","202510120kan",2025,6,"REG","DET","KC","Jared Goff","GoffJa00",1,0.037,NA,NA,3,0.111,1,8,1,3,5,0.161,NA,NA,NA
"2025_06_BUF_ATL","202510130atl",2025,6,"REG","ATL","BUF","Michael Penix","PeniMi00",0,0,NA,NA,6,0.194,2,7,0,2,4,0.114,NA,NA,NA
"2025_06_BUF_ATL","202510130atl",2025,6,"REG","BUF","ATL","Josh Allen","AlleJo02",0,0,NA,NA,4,0.154,4,16,1,2,7,0.206,NA,NA,NA
"2025_06_CHI_WAS","202510130was",2025,6,"REG","WAS","CHI","Jayden Daniels","DaniJa02",2,0.083,NA,NA,1,0.042,3,11,1,0,4,0.114,NA,NA,NA
"2025_06_CHI_WAS","202510130was",2025,6,"REG","CHI","WAS","Caleb Williams","WillCa03",2,0.069,NA,NA,5,0.172,3,12,5,1,9,0.273,NA,NA,NA
"2025_07_PIT_CIN","202510160cin",2025,7,"REG","CIN","PIT","Joe Flacco","FlacJo00",1,0.023,NA,NA,6,0.136,2,11,0,4,6,0.122,NA,NA,NA
"2025_07_PIT_CIN","202510160cin",2025,7,"REG","PIT","CIN","Aaron Rodgers","RodgAa00",0,0,NA,NA,7,0.206,0,2,1,2,3,0.086,NA,NA,NA
"2025_07_LA_JAX","202510190jax",2025,7,"REG","JAX","LA","Trevor Lawrence","LawrTr00",5,0.104,NA,NA,13,0.271,7,12,7,2,16,0.281,NA,NA,NA
"2025_07_LA_JAX","202510190jax",2025,7,"REG","LA","JAX","Matthew Stafford","StafMa00",2,0.061,NA,NA,7,0.212,0,17,8,3,11,0.324,NA,NA,NA
"2025_07_NO_CHI","202510190chi",2025,7,"REG","CHI","NO","Caleb Williams","WillCa03",0,0,NA,NA,4,0.167,1,7,5,3,9,0.333,NA,NA,NA
"2025_07_NO_CHI","202510190chi",2025,7,"REG","NO","CHI","Spencer Rattler","RattSp00",1,0.032,NA,NA,5,0.161,4,11,0,3,7,0.189,NA,NA,NA
"2025_07_MIA_CLE","202510190cle",2025,7,"REG","CLE","MIA","Dillon Gabriel","GabrDi00",1,0.056,NA,NA,2,0.111,2,6,0,1,3,0.13,NA,NA,NA
"2025_07_MIA_CLE","202510190cle",2025,7,"REG","MIA","CLE","Tua Tagovailoa","TagoTu00",2,0.091,NA,NA,6,0.273,2,8,0,2,4,0.154,NA,NA,NA
"2025_07_MIA_CLE","202510190cle",2025,7,"REG","MIA","CLE","Quinn Ewers","EwerQu00",0,0,NA,NA,2,0.25,2,3,0,1,3,0.3,NA,NA,NA
"2025_07_LV_KC","202510190kan",2025,7,"REG","KC","LV","Patrick Mahomes","MahoPa00",2,0.059,NA,NA,4,0.118,1,4,1,3,5,0.125,NA,NA,NA
"2025_07_LV_KC","202510190kan",2025,7,"REG","LV","KC","Geno Smith","SmitGe00",2,0.133,NA,NA,2,0.133,1,5,0,1,2,0.111,NA,NA,NA
"2025_07_LV_KC","202510190kan",2025,7,"REG","LV","KC","Kenny Pickett","PickKe00",0,0,NA,NA,0,0,0,0,0,0,0,0,NA,NA,NA
"2025_07_PHI_MIN","202510190min",2025,7,"REG","MIN","PHI","Carson Wentz","WentCa00",0,0,NA,NA,11,0.275,2,10,3,6,11,0.239,NA,NA,NA
"2025_07_PHI_MIN","202510190min",2025,7,"REG","PHI","MIN","Jalen Hurts","HurtJa00",0,0,NA,NA,3,0.13,3,15,2,1,6,0.231,NA,NA,NA
"2025_07_CAR_NYJ","202510190nyj",2025,7,"REG","NYJ","CAR","Tyrod Taylor","TaylTy00",2,0.1,NA,NA,3,0.15,3,6,3,2,8,0.286,NA,NA,NA
"2025_07_CAR_NYJ","202510190nyj",2025,7,"REG","NYJ","CAR","Justin Fields","FielJu00",0,0,NA,NA,3,0.273,3,4,2,1,6,0.375,NA,NA,NA
"2025_07_CAR_NYJ","202510190nyj",2025,7,"REG","CAR","NYJ","Bryce Young","YounBr01",0,0,NA,NA,5,0.208,1,9,2,5,8,0.286,NA,NA,NA
"2025_07_CAR_NYJ","202510190nyj",2025,7,"REG","CAR","NYJ","Andy Dalton","DaltAn00",0,0,NA,NA,1,0.143,1,6,1,0,2,0.25,NA,NA,NA
"2025_07_NE_TEN","202510190oti",2025,7,"REG","TEN","NE","Cam Ward","WardCa00",1,0.03,NA,NA,5,0.152,5,3,1,0,6,0.154,NA,NA,NA
"2025_07_NE_TEN","202510190oti",2025,7,"REG","NE","TEN","Drake Maye","MayeDr00",0,0,NA,NA,2,0.087,4,5,0,1,5,0.143,NA,NA,NA
"2025_07_NE_TEN","202510190oti",2025,7,"REG","NE","TEN","Joshua Dobbs","DobbJo00",0,0,NA,NA,0,0,0,1,0,0,0,0,NA,NA,NA
"2025_07_NYG_DEN","202510190den",2025,7,"REG","DEN","NYG","Bo Nix","NixxBo00",5,0.102,NA,NA,9,0.184,2,6,4,3,9,0.167,NA,NA,NA
"2025_07_NYG_DEN","202510190den",2025,7,"REG","NYG","DEN","Jaxson Dart","DartJa00",2,0.061,NA,NA,11,0.333,4,12,1,5,10,0.27,NA,NA,NA
"2025_07_IND_LAC","202510190sdg",2025,7,"REG","LAC","IND","Justin Herbert","HerbJu00",6,0.111,NA,NA,5,0.093,3,6,7,12,22,0.367,NA,NA,NA
"2025_07_IND_LAC","202510190sdg",2025,7,"REG","IND","LAC","Daniel Jones","JoneDa05",1,0.032,NA,NA,3,0.097,1,9,3,3,7,0.189,NA,NA,NA
"2025_07_GB_ARI","202510190crd",2025,7,"REG","ARI","GB","Jacoby Brissett","BrisJa00",2,0.057,NA,NA,4,0.114,6,7,0,5,11,0.239,NA,NA,NA
"2025_07_GB_ARI","202510190crd",2025,7,"REG","GB","ARI","Jordan Love","LoveJo03",1,0.036,NA,NA,5,0.179,1,7,1,1,3,0.091,NA,NA,NA
"2025_07_WAS_DAL","202510190dal",2025,7,"REG","DAL","WAS","Dak Prescott","PresDa01",0,0,NA,NA,2,0.067,1,7,4,3,8,0.242,NA,NA,NA
"2025_07_WAS_DAL","202510190dal",2025,7,"REG","WAS","DAL","Jayden Daniels","DaniJa02",3,0.143,NA,NA,4,0.19,2,10,3,1,6,0.214,NA,NA,NA
"2025_07_WAS_DAL","202510190dal",2025,7,"REG","WAS","DAL","Marcus Mariota","MariMa01",0,0,NA,NA,3,0.3,2,4,3,2,7,0.583,NA,NA,NA
"2025_07_ATL_SF","202510190sfo",2025,7,"REG","SF","ATL","Mac Jones","JoneMa05",1,0.042,NA,NA,5,0.208,1,10,0,3,4,0.143,NA,NA,NA
"2025_07_ATL_SF","202510190sfo",2025,7,"REG","ATL","SF","Michael Penix","PeniMi00",1,0.028,NA,NA,12,0.333,2,5,4,3,9,0.214,NA,NA,NA
"2025_07_TB_DET","202510200det",2025,7,"REG","DET","TB","Jared Goff","GoffJa00",0,0,NA,NA,7,0.25,4,12,2,5,11,0.324,NA,NA,NA
"2025_07_TB_DET","202510200det",2025,7,"REG","TB","DET","Baker Mayfield","MayfBa00",1,0.02,NA,NA,10,0.2,4,12,8,4,16,0.296,NA,NA,NA
"2025_07_HOU_SEA","202510200sea",2025,7,"REG","SEA","HOU","Sam Darnold","DarnSa00",0,0,NA,NA,8,0.286,2,8,3,3,8,0.235,NA,NA,NA
"2025_07_HOU_SEA","202510200sea",2025,7,"REG","SEA","HOU","Cooper Kupp","KuppCo00",0,0,NA,NA,1,1,0,0,0,0,0,0,NA,NA,NA
"2025_07_HOU_SEA","202510200sea",2025,7,"REG","HOU","SEA","C.J. Stroud","StroCJ00",2,0.043,NA,NA,10,0.217,3,18,9,4,16,0.296,NA,NA,NA
"2025_08_MIN_LAC","202510230sdg",2025,8,"REG","LAC","MIN","Justin Herbert","HerbJu00",0,0,NA,NA,5,0.208,2,16,2,6,10,0.294,NA,NA,NA
"2025_08_MIN_LAC","202510230sdg",2025,8,"REG","MIN","LAC","Carson Wentz","WentCa00",0,0,NA,NA,7,0.269,5,5,3,3,11,0.344,NA,NA,NA
"2025_08_MIN_LAC","202510230sdg",2025,8,"REG","MIN","LAC","Max Brosmer","BrosMa00",0,0,NA,NA,0,0,0,1,0,0,0,0,NA,NA,NA
"2025_08_MIA_ATL","202510260atl",2025,8,"REG","ATL","MIA","Kirk Cousins","CousKi00",1,0.033,NA,NA,6,0.2,1,9,4,3,8,0.25,NA,NA,NA
"2025_08_MIA_ATL","202510260atl",2025,8,"REG","MIA","ATL","Tua Tagovailoa","TagoTu00",1,0.038,NA,NA,2,0.077,1,11,6,1,8,0.296,NA,NA,NA
"2025_08_MIA_ATL","202510260atl",2025,8,"REG","MIA","ATL","Zach Wilson","WilsZa00",0,0,NA,NA,0,0,0,1,0,0,0,0,NA,NA,NA
"2025_08_CHI_BAL","202510260rav",2025,8,"REG","BAL","CHI","Tyler Huntley","HuntTy01",2,0.091,NA,NA,3,0.136,2,7,0,1,3,0.115,NA,NA,NA
"2025_08_CHI_BAL","202510260rav",2025,8,"REG","CHI","BAL","Caleb Williams","WillCa03",0,0,NA,NA,9,0.257,1,16,5,2,8,0.195,NA,NA,NA
"2025_08_BUF_CAR","202510260car",2025,8,"REG","CAR","BUF","Andy Dalton","DaltAn00",3,0.13,NA,NA,3,0.13,7,4,0,2,9,0.281,NA,NA,NA
"2025_08_BUF_CAR","202510260car",2025,8,"REG","BUF","CAR","Josh Allen","AlleJo02",1,0.053,NA,NA,2,0.105,2,2,1,0,3,0.143,NA,NA,NA
"2025_08_BUF_CAR","202510260car",2025,8,"REG","BUF","CAR","Mitchell Trubisky","TrubMi00",2,0.5,NA,NA,0,0,0,0,0,0,0,0,NA,NA,NA
"2025_08_NYJ_CIN","202510260cin",2025,8,"REG","CIN","NYJ","Joe Flacco","FlacJo00",1,0.032,NA,NA,3,0.097,1,3,4,1,6,0.167,NA,NA,NA
"2025_08_NYJ_CIN","202510260cin",2025,8,"REG","NYJ","CIN","Justin Fields","FielJu00",2,0.069,NA,NA,2,0.069,0,7,1,1,2,0.054,NA,NA,NA
"2025_08_NYJ_CIN","202510260cin",2025,8,"REG","NYJ","CIN","Breece Hall","HallBr03",0,0,NA,NA,0,0,0,1,0,0,0,0,NA,NA,NA
"2025_08_SF_HOU","202510260htx",2025,8,"REG","HOU","SF","C.J. Stroud","StroCJ00",3,0.079,NA,NA,4,0.105,0,11,2,1,3,0.071,NA,NA,NA
"2025_08_SF_HOU","202510260htx",2025,8,"REG","SF","HOU","Mac Jones","JoneMa05",3,0.097,NA,NA,6,0.194,2,4,3,2,7,0.194,NA,NA,NA
"2025_08_CLE_NE","202510260nwe",2025,8,"REG","NE","CLE","Drake Maye","MayeDr00",1,0.043,NA,NA,3,0.13,6,7,0,2,8,0.235,NA,NA,NA
"2025_08_CLE_NE","202510260nwe",2025,8,"REG","CLE","NE","Dillon Gabriel","GabrDi00",1,0.03,NA,NA,8,0.242,1,7,1,1,3,0.081,NA,NA,NA
"2025_08_NYG_PHI","202510260phi",2025,8,"REG","PHI","NYG","Jalen Hurts","HurtJa00",0,0,NA,NA,1,0.05,4,11,1,1,6,0.222,NA,NA,NA
"2025_08_NYG_PHI","202510260phi",2025,8,"REG","NYG","PHI","Jaxson Dart","DartJa00",1,0.045,NA,NA,3,0.136,5,4,1,1,7,0.226,NA,NA,NA
"2025_08_TB_NO","202510260nor",2025,8,"REG","NO","TB","Tyler Shough","ShouTy00",1,0.033,NA,NA,9,0.3,2,7,1,1,4,0.114,NA,NA,NA
"2025_08_TB_NO","202510260nor",2025,8,"REG","NO","TB","Spencer Rattler","RattSp00",0,0,NA,NA,4,0.2,3,6,1,1,5,0.192,NA,NA,NA
"2025_08_TB_NO","202510260nor",2025,8,"REG","TB","NO","Baker Mayfield","MayfBa00",1,0.042,NA,NA,4,0.167,3,12,2,0,5,0.185,NA,NA,NA
"2025_08_DAL_DEN","202510260den",2025,8,"REG","DEN","DAL","Bo Nix","NixxBo00",3,0.107,NA,NA,5,0.179,0,4,0,1,1,0.034,NA,NA,NA
"2025_08_DAL_DEN","202510260den",2025,8,"REG","DAL","DEN","Dak Prescott","PresDa01",1,0.032,NA,NA,3,0.097,2,10,0,5,7,0.184,NA,NA,NA
"2025_08_DAL_DEN","202510260den",2025,8,"REG","DAL","DEN","Joe Milton","MiltJo00",0,0,NA,NA,0,0,0,1,0,0,0,0,NA,NA,NA
"2025_08_TEN_IND","202510260clt",2025,8,"REG","IND","TEN","Daniel Jones","JoneDa05",0,0,NA,NA,3,0.115,3,7,2,3,8,0.242,NA,NA,NA
"2025_08_TEN_IND","202510260clt",2025,8,"REG","IND","TEN","Riley Leonard","LeonRi02",0,0,NA,NA,0,0,0,0,0,0,0,0,NA,NA,NA
"2025_08_TEN_IND","202510260clt",2025,8,"REG","TEN","IND","Cam Ward","WardCa00",2,0.054,NA,NA,9,0.243,4,11,7,2,13,0.302,NA,NA,NA
"2025_08_GB_PIT","202510260pit",2025,8,"REG","PIT","GB","Aaron Rodgers","RodgAa00",1,0.03,NA,NA,3,0.091,3,2,2,2,7,0.179,NA,NA,NA
"2025_08_GB_PIT","202510260pit",2025,8,"REG","GB","PIT","Jordan Love","LoveJo03",2,0.056,NA,NA,4,0.111,0,16,2,5,7,0.189,NA,NA,NA
"2025_08_WAS_KC","202510270kan",2025,8,"REG","KC","WAS","Patrick Mahomes","MahoPa00",1,0.031,NA,NA,4,0.125,3,4,2,4,9,0.225,NA,NA,NA
"2025_08_WAS_KC","202510270kan",2025,8,"REG","WAS","KC","Marcus Mariota","MariMa01",2,0.067,NA,NA,5,0.167,2,8,3,1,6,0.171,NA,NA,NA
"2025_09_BAL_MIA","202510300mia",2025,9,"REG","MIA","BAL","Tua Tagovailoa","TagoTu00",2,0.054,NA,NA,7,0.189,2,8,3,0,5,0.116,NA,NA,NA
"2025_09_BAL_MIA","202510300mia",2025,9,"REG","BAL","MIA","Lamar Jackson","JackLa00",0,0,NA,NA,4,0.174,2,9,6,1,9,0.333,NA,NA,NA
"2025_09_CHI_CIN","202511020cin",2025,9,"REG","CIN","CHI","Joe Flacco","FlacJo00",3,0.065,NA,NA,7,0.152,3,11,3,2,8,0.16,NA,NA,NA
"2025_09_CHI_CIN","202511020cin",2025,9,"REG","CHI","CIN","Caleb Williams","WillCa03",1,0.032,NA,NA,5,0.161,2,5,7,4,13,0.317,NA,NA,NA
"2025_09_CHI_CIN","202511020cin",2025,9,"REG","CHI","CIN","Tyson Bagent","BageTy00",0,0,NA,NA,0,0,0,0,0,1,1,1,NA,NA,NA
"2025_09_CHI_CIN","202511020cin",2025,9,"REG","CHI","CIN","Cole Kmet","KmetCo00",0,0,NA,NA,0,0,0,1,0,0,0,0,NA,NA,NA
"2025_09_CHI_CIN","202511020cin",2025,9,"REG","CHI","CIN","D.J. Moore","MoorD.00",0,0,NA,NA,0,0,0,1,0,0,0,0,NA,NA,NA
"2025_09_MIN_DET","202511020det",2025,9,"REG","DET","MIN","Jared Goff","GoffJa00",2,0.056,NA,NA,8,0.222,5,14,4,6,15,0.357,NA,NA,NA
"2025_09_MIN_DET","202511020det",2025,9,"REG","MIN","DET","J.J. McCarthy","McCaJJ00",1,0.043,NA,NA,5,0.217,5,6,3,4,12,0.387,NA,NA,NA
"2025_09_CAR_GB","202511020gnb",2025,9,"REG","GB","CAR","Jordan Love","LoveJo03",1,0.029,NA,NA,5,0.143,1,8,2,5,8,0.211,NA,NA,NA
"2025_09_CAR_GB","202511020gnb",2025,9,"REG","CAR","GB","Bryce Young","YounBr01",2,0.105,NA,NA,6,0.316,1,6,4,1,6,0.261,NA,NA,NA
"2025_09_DEN_HOU","202511020htx",2025,9,"REG","HOU","DEN","Davis Mills","MillDa02",2,0.067,NA,NA,6,0.2,2,4,0,1,3,0.091,NA,NA,NA
"2025_09_DEN_HOU","202511020htx",2025,9,"REG","HOU","DEN","C.J. Stroud","StroCJ00",0,0,NA,NA,3,0.3,2,4,0,1,3,0.214,NA,NA,NA
"2025_09_DEN_HOU","202511020htx",2025,9,"REG","DEN","HOU","Bo Nix","NixxBo00",4,0.118,NA,NA,5,0.147,1,8,3,3,7,0.175,NA,NA,NA
"2025_09_ATL_NE","202511020nwe",2025,9,"REG","NE","ATL","Drake Maye","MayeDr00",2,0.071,NA,NA,5,0.179,6,17,2,1,9,0.225,NA,NA,NA
"2025_09_ATL_NE","202511020nwe",2025,9,"REG","ATL","NE","Michael Penix","PeniMi00",0,0,NA,NA,6,0.182,1,14,5,3,9,0.225,NA,NA,NA
"2025_09_SF_NYG","202511020nyg",2025,9,"REG","NYG","SF","Jaxson Dart","DartJa00",2,0.063,NA,NA,3,0.094,2,5,1,1,4,0.103,NA,NA,NA
"2025_09_SF_NYG","202511020nyg",2025,9,"REG","SF","NYG","Mac Jones","JoneMa05",0,0,NA,NA,2,0.087,2,2,1,1,4,0.143,NA,NA,NA
"2025_09_IND_PIT","202511020pit",2025,9,"REG","PIT","IND","Aaron Rodgers","RodgAa00",3,0.088,NA,NA,3,0.088,3,14,0,0,3,0.077,NA,NA,NA
"2025_09_IND_PIT","202511020pit",2025,9,"REG","IND","PIT","Daniel Jones","JoneDa05",0,0,NA,NA,7,0.146,5,14,0,4,9,0.161,NA,NA,NA
"2025_09_LAC_TEN","202511020oti",2025,9,"REG","TEN","LAC","Cam Ward","WardCa00",1,0.048,NA,NA,6,0.286,4,6,0,1,5,0.192,NA,NA,NA
"2025_09_LAC_TEN","202511020oti",2025,9,"REG","LAC","TEN","Justin Herbert","HerbJu00",0,0,NA,NA,5,0.179,6,10,0,4,10,0.256,NA,NA,NA
"2025_09_NO_LA","202511020ram",2025,9,"REG","LA","NO","Matthew Stafford","StafMa00",0,0,NA,NA,3,0.097,2,5,2,1,5,0.147,NA,NA,NA
"2025_09_NO_LA","202511020ram",2025,9,"REG","NO","LA","Tyler Shough","ShouTy00",0,0,NA,NA,5,0.217,1,2,7,0,8,0.32,NA,NA,NA
"2025_09_NO_LA","202511020ram",2025,9,"REG","NO","LA","Taysom Hill","HillTa00",0,0,NA,NA,1,1,0,1,0,0,0,0,NA,NA,NA
"2025_09_JAX_LV","202511020rai",2025,9,"REG","LV","JAX","Geno Smith","SmitGe00",2,0.053,NA,NA,2,0.053,2,17,3,1,6,0.14,NA,NA,NA
"2025_09_JAX_LV","202511020rai",2025,9,"REG","JAX","LV","Trevor Lawrence","LawrTr00",5,0.152,NA,NA,2,0.061,1,7,2,1,4,0.103,NA,NA,NA
"2025_09_KC_BUF","202511020buf",2025,9,"REG","BUF","KC","Josh Allen","AlleJo02",1,0.04,NA,NA,0,0,3,7,0,2,5,0.167,NA,NA,NA
"2025_09_KC_BUF","202511020buf",2025,9,"REG","KC","BUF","Patrick Mahomes","MahoPa00",1,0.032,NA,NA,10,0.323,3,4,1,11,15,0.395,NA,NA,NA
"2025_09_SEA_WAS","202511020was",2025,9,"REG","WAS","SEA","Jayden Daniels","DaniJa02",1,0.048,NA,NA,1,0.048,4,5,0,1,5,0.143,NA,NA,NA
"2025_09_SEA_WAS","202511020was",2025,9,"REG","SEA","WAS","Sam Darnold","DarnSa00",0,0,NA,NA,1,0.042,0,6,0,1,1,0.042,NA,NA,NA
"2025_09_ARI_DAL","202511030dal",2025,9,"REG","DAL","ARI","Dak Prescott","PresDa01",3,0.081,NA,NA,5,0.135,5,14,3,4,12,0.25,NA,NA,NA
"2025_09_ARI_DAL","202511030dal",2025,9,"REG","ARI","DAL","Jacoby Brissett","BrisJa00",0,0,NA,NA,7,0.233,5,15,2,6,13,0.351,NA,NA,NA
"2025_10_LV_DEN","202511060den",2025,10,"REG","DEN","LV","Bo Nix","NixxBo00",2,0.074,NA,NA,5,0.185,1,4,2,2,5,0.172,NA,NA,NA
"2025_10_LV_DEN","202511060den",2025,10,"REG","LV","DEN","Geno Smith","SmitGe00",3,0.125,NA,NA,1,0.042,6,8,3,2,11,0.324,NA,NA,NA
"2025_10_LV_DEN","202511060den",2025,10,"REG","LV","DEN","Kenny Pickett","PickKe00",1,1,NA,NA,0,0,0,0,0,0,0,0,NA,NA,NA
"2025_10_ATL_IND","202511090clt",2025,10,"REG","IND","ATL","Daniel Jones","JoneDa05",0,0,NA,NA,3,0.115,7,15,2,1,10,0.256,NA,NA,NA
"2025_10_ATL_IND","202511090clt",2025,10,"REG","ATL","IND","Michael Penix","PeniMi00",2,0.077,NA,NA,9,0.346,3,6,5,1,9,0.29,NA,NA,NA
"2025_10_NO_CAR","202511090car",2025,10,"REG","CAR","NO","Bryce Young","YounBr01",1,0.043,NA,NA,2,0.087,2,9,4,1,7,0.259,NA,NA,NA
"2025_10_NO_CAR","202511090car",2025,10,"REG","NO","CAR","Tyler Shough","ShouTy00",2,0.077,NA,NA,4,0.154,2,6,3,2,7,0.233,NA,NA,NA
"2025_10_NO_CAR","202511090car",2025,10,"REG","NO","CAR","Taysom Hill","HillTa00",0,0,NA,NA,0,0,0,0,0,1,1,1,NA,NA,NA
"2025_10_NYG_CHI","202511090chi",2025,10,"REG","CHI","NYG","Caleb Williams","WillCa03",6,0.167,NA,NA,9,0.25,0,5,3,3,6,0.146,NA,NA,NA
"2025_10_NYG_CHI","202511090chi",2025,10,"REG","NYG","CHI","Jaxson Dart","DartJa00",1,0.037,NA,NA,2,0.074,2,12,3,0,5,0.156,NA,NA,NA
"2025_10_NYG_CHI","202511090chi",2025,10,"REG","NYG","CHI","Russell Wilson","WilsRu00",1,0.2,NA,NA,0,0,2,4,1,0,3,0.273,NA,NA,NA
"2025_10_JAX_HOU","202511090htx",2025,10,"REG","HOU","JAX","Davis Mills","MillDa02",1,0.023,NA,NA,10,0.227,2,14,4,3,9,0.184,NA,NA,NA
"2025_10_JAX_HOU","202511090htx",2025,10,"REG","JAX","HOU","Trevor Lawrence","LawrTr00",1,0.043,NA,NA,1,0.043,5,11,2,0,7,0.219,NA,NA,NA
"2025_10_BUF_MIA","202511090mia",2025,10,"REG","MIA","BUF","Tua Tagovailoa","TagoTu00",0,0,NA,NA,4,0.19,0,6,5,1,6,0.286,NA,NA,NA
"2025_10_BUF_MIA","202511090mia",2025,10,"REG","BUF","MIA","Josh Allen","AlleJo02",2,0.051,NA,NA,6,0.154,3,13,10,3,16,0.356,NA,NA,NA
"2025_10_BAL_MIN","202511090min",2025,10,"REG","MIN","BAL","J.J. McCarthy","McCaJJ00",0,0,NA,NA,10,0.244,1,13,3,10,14,0.298,NA,NA,NA
"2025_10_BAL_MIN","202511090min",2025,10,"REG","BAL","MIN","Lamar Jackson","JackLa00",3,0.107,NA,NA,4,0.143,1,18,4,3,8,0.242,NA,NA,NA
"2025_10_CLE_NYJ","202511090nyj",2025,10,"REG","NYJ","CLE","Justin Fields","FielJu00",0,0,NA,NA,0,0,3,6,0,4,7,0.438,NA,NA,NA
"2025_10_CLE_NYJ","202511090nyj",2025,10,"REG","CLE","NYJ","Dillon Gabriel","GabrDi00",2,0.063,NA,NA,9,0.281,6,12,0,1,7,0.163,NA,NA,NA
"2025_10_NE_TB","202511090tam",2025,10,"REG","TB","NE","Baker Mayfield","MayfBa00",4,0.093,NA,NA,7,0.163,2,13,2,3,7,0.156,NA,NA,NA
"2025_10_NE_TB","202511090tam",2025,10,"REG","NE","TB","Drake Maye","MayeDr00",1,0.034,NA,NA,8,0.276,1,8,3,4,8,0.222,NA,NA,NA
"2025_10_ARI_SEA","202511090sea",2025,10,"REG","SEA","ARI","Sam Darnold","DarnSa00",0,0,NA,NA,1,0.083,1,5,0,1,2,0.154,NA,NA,NA
"2025_10_ARI_SEA","202511090sea",2025,10,"REG","ARI","SEA","Jacoby Brissett","BrisJa00",1,0.023,NA,NA,10,0.233,5,11,4,4,13,0.245,NA,NA,NA
"2025_10_ARI_SEA","202511090sea",2025,10,"REG","ARI","SEA","Kedon Slovis","SlovKe00",0,0,NA,NA,1,1,0,0,0,0,0,0,NA,NA,NA
"2025_10_LA_SF","202511090sfo",2025,10,"REG","SF","LA","Mac Jones","JoneMa05",0,0,NA,NA,1,0.026,0,4,6,1,7,0.179,NA,NA,NA
"2025_10_LA_SF","202511090sfo",2025,10,"REG","LA","SF","Matthew Stafford","StafMa00",0,0,NA,NA,7,0.206,1,17,6,6,13,0.351,NA,NA,NA
"2025_10_DET_WAS","202511090was",2025,10,"REG","WAS","DET","Marcus Mariota","MariMa01",0,0,NA,NA,2,0.091,2,7,0,3,5,0.192,NA,NA,NA
"2025_10_DET_WAS","202511090was",2025,10,"REG","DET","WAS","Jared Goff","GoffJa00",1,0.033,NA,NA,2,0.067,0,10,0,5,5,0.152,NA,NA,NA
"2025_10_DET_WAS","202511090was",2025,10,"REG","DET","WAS","Kyle Allen","AlleKy00",1,0.5,NA,NA,0,0,0,0,0,0,0,0,NA,NA,NA
"2025_10_PIT_LAC","202511090sdg",2025,10,"REG","LAC","PIT","Justin Herbert","HerbJu00",2,0.063,NA,NA,5,0.156,5,11,0,4,9,0.225,NA,NA,NA
"2025_10_PIT_LAC","202511090sdg",2025,10,"REG","PIT","LAC","Aaron Rodgers","RodgAa00",1,0.036,NA,NA,8,0.286,3,0,0,2,5,0.147,NA,NA,NA
"2025_10_PHI_GB","202511100gnb",2025,10,"REG","GB","PHI","Jordan Love","LoveJo03",1,0.03,NA,NA,7,0.212,3,5,3,5,11,0.262,NA,NA,NA
"2025_10_PHI_GB","202511100gnb",2025,10,"REG","PHI","GB","Jalen Hurts","HurtJa00",0,0,NA,NA,6,0.261,0,8,3,0,3,0.103,NA,NA,NA
"2025_11_NYJ_NE","202511130nwe",2025,11,"REG","NE","NYJ","Drake Maye","MayeDr00",2,0.061,NA,NA,3,0.091,1,12,1,3,5,0.135,NA,NA,NA
"2025_11_NYJ_NE","202511130nwe",2025,11,"REG","NYJ","NE","Justin Fields","FielJu00",3,0.12,NA,NA,3,0.12,2,5,0,4,6,0.188,NA,NA,NA
"2025_11_NYJ_NE","202511130nwe",2025,11,"REG","NYJ","NE","Isaiah Williams","WillIs03",0,0,NA,NA,0,0,0,1,0,0,0,0,NA,NA,NA
"2025_11_WAS_MIA","202511160mia",2025,11,"REG","MIA","WAS","Tua Tagovailoa","TagoTu00",2,0.1,NA,NA,3,0.15,3,1,0,0,3,0.13,NA,NA,NA
"2025_11_WAS_MIA","202511160mia",2025,11,"REG","WAS","MIA","Marcus Mariota","MariMa01",1,0.034,NA,NA,6,0.207,1,9,0,4,5,0.156,NA,NA,NA
"2025_11_CAR_ATL","202511160atl",2025,11,"REG","ATL","CAR","Michael Penix","PeniMi00",1,0.067,NA,NA,1,0.067,0,5,1,1,2,0.118,NA,NA,NA
"2025_11_CAR_ATL","202511160atl",2025,11,"REG","ATL","CAR","Kirk Cousins","CousKi00",1,0.077,NA,NA,2,0.154,0,3,1,1,2,0.143,NA,NA,NA
"2025_11_CAR_ATL","202511160atl",2025,11,"REG","CAR","ATL","Bryce Young","YounBr01",3,0.07,NA,NA,2,0.047,5,19,6,5,16,0.32,NA,NA,NA
"2025_11_TB_BUF","202511160buf",2025,11,"REG","BUF","TB","Josh Allen","AlleJo02",0,0,NA,NA,8,0.267,0,14,2,1,3,0.094,NA,NA,NA
"2025_11_TB_BUF","202511160buf",2025,11,"REG","TB","BUF","Baker Mayfield","MayfBa00",1,0.037,NA,NA,5,0.185,1,1,0,2,3,0.091,NA,NA,NA
"2025_11_LAC_JAX","202511160jax",2025,11,"REG","JAX","LAC","Trevor Lawrence","LawrTr00",1,0.045,NA,NA,4,0.182,0,7,3,2,5,0.208,NA,NA,NA
"2025_11_LAC_JAX","202511160jax",2025,11,"REG","LAC","JAX","Justin Herbert","HerbJu00",1,0.063,NA,NA,2,0.125,2,2,4,2,8,0.348,NA,NA,NA
"2025_11_LAC_JAX","202511160jax",2025,11,"REG","LAC","JAX","Trey Lance","LancTr00",1,0.125,NA,NA,1,0.125,1,0,1,0,2,0.222,NA,NA,NA
"2025_11_CHI_MIN","202511160min",2025,11,"REG","MIN","CHI","J.J. McCarthy","McCaJJ00",5,0.156,NA,NA,9,0.281,0,11,0,4,4,0.125,NA,NA,NA
"2025_11_CHI_MIN","202511160min",2025,11,"REG","CHI","MIN","Caleb Williams","WillCa03",3,0.107,NA,NA,7,0.25,2,21,2,3,7,0.194,NA,NA,NA
"2025_11_GB_NYG","202511160nyg",2025,11,"REG","NYG","GB","Jameis Winston","WinsJa00",1,0.034,NA,NA,5,0.172,2,7,0,3,5,0.161,NA,NA,NA
"2025_11_GB_NYG","202511160nyg",2025,11,"REG","GB","NYG","Jordan Love","LoveJo03",2,0.087,NA,NA,3,0.13,2,10,2,5,9,0.333,NA,NA,NA
"2025_11_GB_NYG","202511160nyg",2025,11,"REG","GB","NYG","Malik Willis","WillMa12",0,0,NA,NA,0,0,0,2,0,1,1,0.5,NA,NA,NA
"2025_11_CIN_PIT","202511160pit",2025,11,"REG","PIT","CIN","Mason Rudolph","RudoMa00",0,0,NA,NA,1,0.071,0,5,0,1,1,0.063,NA,NA,NA
"2025_11_CIN_PIT","202511160pit",2025,11,"REG","PIT","CIN","Aaron Rodgers","RodgAa00",0,0,NA,NA,4,0.267,1,2,1,2,4,0.235,NA,NA,NA
"2025_11_CIN_PIT","202511160pit",2025,11,"REG","CIN","PIT","Joe Flacco","FlacJo00",0,0,NA,NA,8,0.205,1,6,5,2,8,0.195,NA,NA,NA
"2025_11_HOU_TEN","202511160oti",2025,11,"REG","TEN","HOU","Cam Ward","WardCa00",1,0.028,NA,NA,6,0.167,3,12,0,2,5,0.116,NA,NA,NA
"2025_11_HOU_TEN","202511160oti",2025,11,"REG","HOU","TEN","Davis Mills","MillDa02",1,0.025,NA,NA,4,0.1,4,19,3,3,10,0.213,NA,NA,NA
"2025_11_SF_ARI","202511160crd",2025,11,"REG","ARI","SF","Jacoby Brissett","BrisJa00",1,0.019,NA,NA,4,0.074,0,3,1,4,5,0.088,NA,NA,NA
"2025_11_SF_ARI","202511160crd",2025,11,"REG","SF","ARI","Brock Purdy","PurdBr00",0,0,NA,NA,1,0.042,1,9,1,2,4,0.148,NA,NA,NA
"2025_11_SEA_LA","202511160ram",2025,11,"REG","LA","SEA","Matthew Stafford","StafMa00",1,0.037,NA,NA,7,0.259,0,11,5,3,8,0.286,NA,NA,NA
"2025_11_SEA_LA","202511160ram",2025,11,"REG","SEA","LA","Sam Darnold","DarnSa00",0,0,NA,NA,9,0.214,0,8,9,3,12,0.267,NA,NA,NA
"2025_11_BAL_CLE","202511160cle",2025,11,"REG","CLE","BAL","Shedeur Sanders","SandSh00",1,0.067,NA,NA,2,0.133,2,8,1,6,9,0.429,NA,NA,NA
"2025_11_BAL_CLE","202511160cle",2025,11,"REG","CLE","BAL","Dillon Gabriel","GabrDi00",0,0,NA,NA,2,0.2,1,0,1,1,3,0.25,NA,NA,NA
"2025_11_BAL_CLE","202511160cle",2025,11,"REG","BAL","CLE","Lamar Jackson","JackLa00",2,0.08,NA,NA,7,0.28,5,12,3,2,10,0.323,NA,NA,NA
"2025_11_KC_DEN","202511160den",2025,11,"REG","DEN","KC","Bo Nix","NixxBo00",2,0.057,NA,NA,6,0.171,2,9,8,3,13,0.325,NA,NA,NA
"2025_11_KC_DEN","202511160den",2025,11,"REG","DEN","KC","RJ Harvey","HarvRJ00",0,0,NA,NA,1,1,0,1,0,0,0,0,NA,NA,NA
"2025_11_KC_DEN","202511160den",2025,11,"REG","KC","DEN","Patrick Mahomes","MahoPa00",3,0.07,NA,NA,9,0.209,3,15,6,5,14,0.286,NA,NA,NA
"2025_11_DET_PHI","202511160phi",2025,11,"REG","PHI","DET","Jalen Hurts","HurtJa00",4,0.148,NA,NA,6,0.222,1,9,0,0,1,0.032,NA,NA,NA
"2025_11_DET_PHI","202511160phi",2025,11,"REG","DET","PHI","Jared Goff","GoffJa00",2,0.056,NA,NA,11,0.306,2,9,0,5,7,0.179,NA,NA,NA
"2025_11_DAL_LV","202511170rai",2025,11,"REG","LV","DAL","Geno Smith","SmitGe00",2,0.051,NA,NA,3,0.077,4,13,0,6,10,0.204,NA,NA,NA
"2025_11_DAL_LV","202511170rai",2025,11,"REG","DAL","LV","Dak Prescott","PresDa01",2,0.063,NA,NA,2,0.063,1,9,1,3,5,0.147,NA,NA,NA
"2025_12_BUF_HOU","202511200htx",2025,12,"REG","HOU","BUF","Davis Mills","MillDa02",1,0.036,NA,NA,7,0.25,0,9,1,5,6,0.194,NA,NA,NA
"2025_12_BUF_HOU","202511200htx",2025,12,"REG","BUF","HOU","Josh Allen","AlleJo02",0,0,NA,NA,4,0.118,8,6,1,3,12,0.267,NA,NA,NA
"2025_12_NYJ_BAL","202511230rav",2025,12,"REG","BAL","NYJ","Lamar Jackson","JackLa00",1,0.05,NA,NA,4,0.2,1,4,3,0,4,0.138,NA,NA,NA
"2025_12_NYJ_BAL","202511230rav",2025,12,"REG","NYJ","BAL","Tyrod Taylor","TaylTy00",1,0.037,NA,NA,7,0.259,3,11,3,3,9,0.265,NA,NA,NA
"2025_12_PIT_CHI","202511230chi",2025,12,"REG","CHI","PIT","Caleb Williams","WillCa03",1,0.033,NA,NA,8,0.267,1,9,2,0,3,0.079,NA,NA,NA
"2025_12_PIT_CHI","202511230chi",2025,12,"REG","PIT","CHI","Mason Rudolph","RudoMa00",0,0,NA,NA,3,0.1,2,7,1,2,5,0.147,NA,NA,NA
"2025_12_NE_CIN","202511230cin",2025,12,"REG","CIN","NE","Joe Flacco","FlacJo00",3,0.091,NA,NA,7,0.212,1,5,3,5,9,0.237,NA,NA,NA
"2025_12_NE_CIN","202511230cin",2025,12,"REG","CIN","NE","Jake Browning","BrowJa08",0,0,NA,NA,0,0,0,0,0,0,0,0,NA,NA,NA
"2025_12_NE_CIN","202511230cin",2025,12,"REG","NE","CIN","Drake Maye","MayeDr00",0,0,NA,NA,7,0.212,1,9,3,2,6,0.154,NA,NA,NA
"2025_12_NYG_DET","202511230det",2025,12,"REG","DET","NYG","Jared Goff","GoffJa00",3,0.079,NA,NA,5,0.132,3,7,6,4,13,0.289,NA,NA,NA
"2025_12_NYG_DET","202511230det",2025,12,"REG","NYG","DET","Jameis Winston","WinsJa00",0,0,NA,NA,10,0.313,1,10,10,5,16,0.421,NA,NA,NA
"2025_12_NYG_DET","202511230det",2025,12,"REG","NYG","DET","Gunner Olszewski","OlszGu00",0,0,NA,NA,0,0,0,1,1,0,1,1,NA,NA,NA
"2025_12_MIN_GB","202511230gnb",2025,12,"REG","GB","MIN","Jordan Love","LoveJo03",0,0,NA,NA,3,0.15,1,7,0,4,5,0.217,NA,NA,NA
"2025_12_MIN_GB","202511230gnb",2025,12,"REG","GB","MIN","Malik Willis","WillMa12",0,0,NA,NA,0,0,0,0,0,0,0,0,NA,NA,NA
"2025_12_MIN_GB","202511230gnb",2025,12,"REG","MIN","GB","J.J. McCarthy","McCaJJ00",1,0.053,NA,NA,4,0.211,5,1,0,4,9,0.36,NA,NA,NA
"2025_12_IND_KC","202511230kan",2025,12,"REG","KC","IND","Patrick Mahomes","MahoPa00",1,0.023,NA,NA,8,0.186,4,8,5,4,13,0.241,NA,NA,NA
"2025_12_IND_KC","202511230kan",2025,12,"REG","IND","KC","Daniel Jones","JoneDa05",1,0.032,NA,NA,5,0.161,0,12,1,6,7,0.212,NA,NA,NA
"2025_12_SEA_TEN","202511230oti",2025,12,"REG","TEN","SEA","Cam Ward","WardCa00",1,0.026,NA,NA,3,0.079,4,12,14,7,25,0.5,NA,NA,NA
"2025_12_SEA_TEN","202511230oti",2025,12,"REG","SEA","TEN","Sam Darnold","DarnSa00",1,0.04,NA,NA,4,0.16,1,7,6,2,9,0.333,NA,NA,NA
"2025_12_JAX_ARI","202511230crd",2025,12,"REG","ARI","JAX","Jacoby Brissett","BrisJa00",1,0.022,NA,NA,7,0.156,6,16,5,8,19,0.328,NA,NA,NA
"2025_12_JAX_ARI","202511230crd",2025,12,"REG","ARI","JAX","Kedon Slovis","SlovKe00",0,0,NA,NA,0,0,0,0,0,0,0,0,NA,NA,NA
"2025_12_JAX_ARI","202511230crd",2025,12,"REG","JAX","ARI","Trevor Lawrence","LawrTr00",3,0.1,NA,NA,4,0.133,3,13,3,2,8,0.229,NA,NA,NA
"2025_12_CLE_LV","202511230rai",2025,12,"REG","LV","CLE","Geno Smith","SmitGe00",1,0.024,NA,NA,6,0.143,10,14,5,6,21,0.375,NA,NA,NA
"2025_12_CLE_LV","202511230rai",2025,12,"REG","CLE","LV","Shedeur Sanders","SandSh00",0,0,NA,NA,6,0.333,1,4,5,3,9,0.429,NA,NA,NA
"2025_12_PHI_DAL","202511230dal",2025,12,"REG","DAL","PHI","Dak Prescott","PresDa01",3,0.086,NA,NA,7,0.2,1,4,8,5,14,0.35,NA,NA,NA
"2025_12_PHI_DAL","202511230dal",2025,12,"REG","PHI","DAL","Jalen Hurts","HurtJa00",0,0,NA,NA,7,0.189,1,10,15,5,21,0.488,NA,NA,NA
"2025_12_ATL_NO","202511230nor",2025,12,"REG","NO","ATL","Tyler Shough","ShouTy00",2,0.048,NA,NA,6,0.143,5,5,8,3,16,0.32,NA,NA,NA
"2025_12_ATL_NO","202511230nor",2025,12,"REG","NO","ATL","Taysom Hill","HillTa00",0,0,NA,NA,0,0,0,2,0,0,0,0,NA,NA,NA
"2025_12_ATL_NO","202511230nor",2025,12,"REG","ATL","NO","Kirk Cousins","CousKi00",0,0,NA,NA,1,0.05,3,10,4,0,7,0.259,NA,NA,NA
"2025_12_TB_LA","202511230ram",2025,12,"REG","LA","TB","Matthew Stafford","StafMa00",0,0,NA,NA,6,0.176,1,7,2,2,5,0.139,NA,NA,NA
"2025_12_TB_LA","202511230ram",2025,12,"REG","TB","LA","Baker Mayfield","MayfBa00",0,0,NA,NA,3,0.167,2,8,1,0,3,0.125,NA,NA,NA
"2025_12_TB_LA","202511230ram",2025,12,"REG","TB","LA","Teddy Bridgewater","BridTe00",0,0,NA,NA,4,0.286,2,4,0,2,4,0.222,NA,NA,NA
"2025_12_CAR_SF","202511240sfo",2025,12,"REG","SF","CAR","Brock Purdy","PurdBr00",1,0.032,NA,NA,3,0.097,0,4,3,1,4,0.121,NA,NA,NA
"2025_12_CAR_SF","202511240sfo",2025,12,"REG","CAR","SF","Bryce Young","YounBr01",1,0.037,NA,NA,5,0.185,1,7,5,2,8,0.235,NA,NA,NA
"2025_13_GB_DET","202511270det",2025,13,"REG","DET","GB","Jared Goff","GoffJa00",0,0,NA,NA,0,0,3,0,0,0,3,0.1,NA,NA,NA
"2025_13_GB_DET","202511270det",2025,13,"REG","DET","GB","David Montgomery","MontDa01",0,0,NA,NA,0,0,0,0,0,0,0,0,NA,NA,NA
"2025_13_GB_DET","202511270det",2025,13,"REG","GB","DET","Jordan Love","LoveJo03",0,0,NA,NA,0,0,0,0,0,0,0,0,NA,NA,NA
"2025_13_KC_DAL","202511270dal",2025,13,"REG","DAL","KC","Dak Prescott","PresDa01",0,0,NA,NA,0,0,0,0,0,0,0,0,NA,NA,NA
"2025_13_KC_DAL","202511270dal",2025,13,"REG","KC","DAL","Patrick Mahomes","MahoPa00",0,0,NA,NA,0,0,3,0,0,0,3,0.075,NA,NA,NA
"2025_13_CIN_BAL","202511270rav",2025,13,"REG","BAL","CIN","Lamar Jackson","JackLa00",0,0,NA,NA,0,0,3,0,0,0,3,0.079,NA,NA,NA
"2025_13_CIN_BAL","202511270rav",2025,13,"REG","CIN","BAL","Joe Burrow","BurrJo01",0,0,NA,NA,0,0,1,0,0,0,1,0.02,NA,NA,NA
"2025_13_CHI_PHI","202511280phi",2025,13,"REG","PHI","CHI","Jalen Hurts","HurtJa00",0,0,NA,NA,0,0,0,0,0,0,0,0,NA,NA,NA
"2025_13_CHI_PHI","202511280phi",2025,13,"REG","CHI","PHI","Caleb Williams","WillCa03",0,0,NA,NA,0,0,2,0,0,0,2,0.051,NA,NA,NA
"2025_13_LA_CAR","202511300car",2025,13,"REG","CAR","LA","Bryce Young","YounBr01",1,0.05,NA,NA,4,0.2,2,4,0,0,2,0.083,NA,NA,NA
"2025_13_LA_CAR","202511300car",2025,13,"REG","LA","CAR","Matthew Stafford","StafMa00",0,0,NA,NA,6,0.222,2,7,0,0,2,0.067,NA,NA,NA
"2025_13_SF_CLE","202511300cle",2025,13,"REG","CLE","SF","Shedeur Sanders","SandSh00",2,0.091,NA,NA,3,0.136,3,1,1,3,7,0.241,NA,NA,NA
"2025_13_SF_CLE","202511300cle",2025,13,"REG","CLE","SF","Dillon Gabriel","GabrDi00",0,0,NA,NA,0,0,0,0,0,0,0,0,NA,NA,NA
"2025_13_SF_CLE","202511300cle",2025,13,"REG","SF","CLE","Brock Purdy","PurdBr00",0,0,NA,NA,4,0.174,1,7,3,6,10,0.323,NA,NA,NA
"2025_13_SF_CLE","202511300cle",2025,13,"REG","SF","CLE","Christian McCaffrey","McCaCh01",0,0,NA,NA,0,0,0,0,0,0,0,0,NA,NA,NA
"2025_13_HOU_IND","202511300clt",2025,13,"REG","IND","HOU","Daniel Jones","JoneDa05",4,0.16,NA,NA,3,0.12,1,10,3,4,8,0.286,NA,NA,NA
"2025_13_HOU_IND","202511300clt",2025,13,"REG","HOU","IND","C.J. Stroud","StroCJ00",0,0,NA,NA,3,0.103,2,12,5,3,10,0.27,NA,NA,NA
"2025_13_NO_MIA","202511300mia",2025,13,"REG","MIA","NO","Tua Tagovailoa","TagoTu00",2,0.1,NA,NA,4,0.2,4,5,0,2,6,0.207,NA,NA,NA
"2025_13_NO_MIA","202511300mia",2025,13,"REG","NO","MIA","Tyler Shough","ShouTy00",1,0.029,NA,NA,1,0.029,4,13,2,3,9,0.2,NA,NA,NA
"2025_13_ATL_NYJ","202511300nyj",2025,13,"REG","NYJ","ATL","Tyrod Taylor","TaylTy00",2,0.067,NA,NA,6,0.2,2,10,7,4,13,0.317,NA,NA,NA
"2025_13_ATL_NYJ","202511300nyj",2025,13,"REG","ATL","NYJ","Kirk Cousins","CousKi00",2,0.065,NA,NA,2,0.065,2,13,2,4,8,0.229,NA,NA,NA
"2025_13_ARI_TB","202511300tam",2025,13,"REG","TB","ARI","Baker Mayfield","MayfBa00",2,0.077,NA,NA,3,0.115,2,9,2,0,4,0.121,NA,NA,NA
"2025_13_ARI_TB","202511300tam",2025,13,"REG","ARI","TB","Jacoby Brissett","BrisJa00",0,0,NA,NA,7,0.189,2,14,3,5,10,0.222,NA,NA,NA
"2025_13_JAX_TEN","202511300oti",2025,13,"REG","TEN","JAX","Cam Ward","WardCa00",3,0.086,NA,NA,5,0.143,3,10,2,2,7,0.167,NA,NA,NA
"2025_13_JAX_TEN","202511300oti",2025,13,"REG","JAX","TEN","Trevor Lawrence","LawrTr00",1,0.04,NA,NA,5,0.2,3,5,2,2,7,0.219,NA,NA,NA
"2025_13_MIN_SEA","202511300sea",2025,13,"REG","SEA","MIN","Sam Darnold","DarnSa00",3,0.13,NA,NA,0,0,4,16,1,1,6,0.2,NA,NA,NA
"2025_13_MIN_SEA","202511300sea",2025,13,"REG","MIN","SEA","Max Brosmer","BrosMa00",3,0.1,NA,NA,3,0.1,4,9,2,2,8,0.235,NA,NA,NA
"2025_13_LV_LAC","202511300sdg",2025,13,"REG","LAC","LV","Justin Herbert","HerbJu00",1,0.05,NA,NA,3,0.15,3,4,2,1,6,0.231,NA,NA,NA
"2025_13_LV_LAC","202511300sdg",2025,13,"REG","LAC","LV","Trey Lance","LancTr00",0,0,NA,NA,0,0,0,0,0,0,0,0,NA,NA,NA
"2025_13_LV_LAC","202511300sdg",2025,13,"REG","LV","LAC","Geno Smith","SmitGe00",0,0,NA,NA,0,0,5,8,1,3,9,0.321,NA,NA,NA
"2025_13_BUF_PIT","202511300pit",2025,13,"REG","PIT","BUF","Aaron Rodgers","RodgAa00",1,0.05,NA,NA,6,0.3,1,5,0,1,2,0.091,NA,NA,NA
"2025_13_BUF_PIT","202511300pit",2025,13,"REG","PIT","BUF","Mason Rudolph","RudoMa00",0,0,NA,NA,3,1,0,0,0,0,0,0,NA,NA,NA
"2025_13_BUF_PIT","202511300pit",2025,13,"REG","BUF","PIT","Josh Allen","AlleJo02",2,0.087,NA,NA,4,0.174,0,8,2,0,2,0.074,NA,NA,NA
"2025_13_DEN_WAS","202511300was",2025,13,"REG","WAS","DEN","Marcus Mariota","MariMa01",1,0.022,NA,NA,9,0.2,2,11,2,4,8,0.145,NA,NA,NA
"2025_13_DEN_WAS","202511300was",2025,13,"REG","DEN","WAS","Bo Nix","NixxBo00",6,0.143,NA,NA,3,0.071,1,5,3,3,7,0.146,NA,NA,NA
"2025_13_NYG_NE","202512010nwe",2025,13,"REG","NE","NYG","Drake Maye","MayeDr00",0,0,NA,NA,2,0.067,3,11,5,1,9,0.25,NA,NA,NA
"2025_13_NYG_NE","202512010nwe",2025,13,"REG","NYG","NE","Jaxson Dart","DartJa00",0,0,NA,NA,0,0,2,10,2,5,9,0.3,NA,NA,NA
"2025_14_DAL_DET","202512040det",2025,14,"REG","DET","DAL","Jared Goff","GoffJa00",1,0.032,NA,NA,1,0.032,1,7,0,7,8,0.229,NA,NA,NA
"2025_14_DAL_DET","202512040det",2025,14,"REG","DAL","DET","Dak Prescott","PresDa01",3,0.065,NA,NA,6,0.13,5,9,2,3,10,0.185,NA,NA,NA
"2025_14_SEA_ATL","202512070atl",2025,14,"REG","ATL","SEA","Kirk Cousins","CousKi00",1,0.036,NA,NA,5,0.179,1,6,5,5,11,0.355,NA,NA,NA
"2025_14_SEA_ATL","202512070atl",2025,14,"REG","SEA","ATL","Sam Darnold","DarnSa00",2,0.067,NA,NA,7,0.233,2,12,5,1,8,0.235,NA,NA,NA
"2025_14_PIT_BAL","202512070rav",2025,14,"REG","BAL","PIT","Lamar Jackson","JackLa00",3,0.091,NA,NA,6,0.182,2,13,3,3,8,0.19,NA,NA,NA
"2025_14_PIT_BAL","202512070rav",2025,14,"REG","PIT","BAL","Aaron Rodgers","RodgAa00",1,0.03,NA,NA,5,0.152,0,6,1,1,2,0.057,NA,NA,NA
"2025_14_CIN_BUF","202512070buf",2025,14,"REG","BUF","CIN","Josh Allen","AlleJo02",0,0,NA,NA,2,0.074,3,7,4,2,9,0.25,NA,NA,NA
"2025_14_CIN_BUF","202512070buf",2025,14,"REG","CIN","BUF","Joe Burrow","BurrJo01",2,0.056,NA,NA,1,0.028,1,11,4,4,9,0.243,NA,NA,NA
"2025_14_TEN_CLE","202512070cle",2025,14,"REG","CLE","TEN","Shedeur Sanders","SandSh00",2,0.054,NA,NA,4,0.108,2,9,11,11,24,0.511,NA,NA,NA
"2025_14_TEN_CLE","202512070cle",2025,14,"REG","TEN","CLE","Cam Ward","WardCa00",0,0,NA,NA,4,0.174,1,16,7,4,12,0.414,NA,NA,NA
"2025_14_IND_JAX","202512070jax",2025,14,"REG","JAX","IND","Trevor Lawrence","LawrTr00",2,0.067,NA,NA,4,0.133,0,12,5,0,5,0.156,NA,NA,NA
"2025_14_IND_JAX","202512070jax",2025,14,"REG","JAX","IND","Nick Mullens","MullNi00",0,0,NA,NA,0,0,0,1,1,0,1,1,NA,NA,NA
"2025_14_IND_JAX","202512070jax",2025,14,"REG","IND","JAX","Riley Leonard","LeonRi02",0,0,NA,NA,3,0.103,1,5,1,3,5,0.161,NA,NA,NA
"2025_14_IND_JAX","202512070jax",2025,14,"REG","IND","JAX","Daniel Jones","JoneDa05",0,0,NA,NA,1,0.143,0,2,0,1,1,0.125,NA,NA,NA
"2025_14_WAS_MIN","202512070min",2025,14,"REG","MIN","WAS","J.J. McCarthy","McCaJJ00",1,0.043,NA,NA,1,0.043,4,8,2,3,9,0.31,NA,NA,NA
"2025_14_WAS_MIN","202512070min",2025,14,"REG","WAS","MIN","Jayden Daniels","DaniJa02",2,0.125,NA,NA,3,0.188,1,9,4,2,7,0.28,NA,NA,NA
"2025_14_WAS_MIN","202512070min",2025,14,"REG","WAS","MIN","Marcus Mariota","MariMa01",0,0,NA,NA,0,0,1,1,0,0,1,0.143,NA,NA,NA
"2025_14_MIA_NYJ","202512070nyj",2025,14,"REG","NYJ","MIA","Brady Cook","CookBr03",2,0.067,NA,NA,7,0.233,6,9,2,2,10,0.278,NA,NA,NA
"2025_14_MIA_NYJ","202512070nyj",2025,14,"REG","NYJ","MIA","Tyrod Taylor","TaylTy00",0,0,NA,NA,0,0,0,1,1,0,1,0.25,NA,NA,NA
"2025_14_MIA_NYJ","202512070nyj",2025,14,"REG","MIA","NYJ","Tua Tagovailoa","TagoTu00",0,0,NA,NA,2,0.095,1,7,0,2,3,0.136,NA,NA,NA
"2025_14_NO_TB","202512070tam",2025,14,"REG","TB","NO","Baker Mayfield","MayfBa00",2,0.067,NA,NA,7,0.233,0,5,1,2,3,0.086,NA,NA,NA
"2025_14_NO_TB","202512070tam",2025,14,"REG","NO","TB","Tyler Shough","ShouTy00",3,0.15,NA,NA,1,0.05,3,1,0,1,4,0.167,NA,NA,NA
"2025_14_DEN_LV","202512070rai",2025,14,"REG","LV","DEN","Geno Smith","SmitGe00",0,0,NA,NA,5,0.25,3,11,2,3,8,0.32,NA,NA,NA
"2025_14_DEN_LV","202512070rai",2025,14,"REG","LV","DEN","Kenny Pickett","PickKe00",0,0,NA,NA,2,0.2,1,0,0,0,1,0.077,NA,NA,NA
"2025_14_DEN_LV","202512070rai",2025,14,"REG","DEN","LV","Bo Nix","NixxBo00",1,0.027,NA,NA,2,0.054,3,10,0,1,4,0.095,NA,NA,NA
"2025_14_LA_ARI","202512070crd",2025,14,"REG","ARI","LA","Jacoby Brissett","BrisJa00",1,0.023,NA,NA,12,0.279,3,9,7,8,18,0.36,NA,NA,NA
"2025_14_LA_ARI","202512070crd",2025,14,"REG","LA","ARI","Matthew Stafford","StafMa00",1,0.032,NA,NA,6,0.194,0,6,1,2,3,0.097,NA,NA,NA
"2025_14_CHI_GB","202512070gnb",2025,14,"REG","GB","CHI","Jordan Love","LoveJo03",0,0,NA,NA,4,0.174,1,13,0,0,1,0.038,NA,NA,NA
"2025_14_CHI_GB","202512070gnb",2025,14,"REG","CHI","GB","Caleb Williams","WillCa03",0,0,NA,NA,8,0.276,1,12,9,5,15,0.385,NA,NA,NA
"2025_14_HOU_KC","202512070kan",2025,14,"REG","KC","HOU","Patrick Mahomes","MahoPa00",6,0.207,NA,NA,3,0.103,2,3,4,5,11,0.262,NA,NA,NA
"2025_14_HOU_KC","202512070kan",2025,14,"REG","HOU","KC","C.J. Stroud","StroCJ00",0,0,NA,NA,8,0.296,3,13,9,6,18,0.514,NA,NA,NA
"2025_14_PHI_LAC","202512080sdg",2025,14,"REG","LAC","PHI","Justin Herbert","HerbJu00",1,0.043,NA,NA,6,0.261,7,6,7,2,16,0.39,NA,NA,NA
"2025_14_PHI_LAC","202512080sdg",2025,14,"REG","PHI","LAC","Jalen Hurts","HurtJa00",2,0.053,NA,NA,7,0.184,1,12,7,5,13,0.302,NA,NA,NA
"2025_15_ATL_TB","202512110tam",2025,15,"REG","TB","ATL","Baker Mayfield","MayfBa00",1,0.031,NA,NA,5,0.156,5,16,1,1,7,0.175,NA,NA,NA
"2025_15_ATL_TB","202512110tam",2025,15,"REG","ATL","TB","Kirk Cousins","CousKi00",3,0.073,NA,NA,7,0.171,1,12,1,3,5,0.111,NA,NA,NA
"2025_15_CLE_CHI","202512140chi",2025,15,"REG","CHI","CLE","Caleb Williams","WillCa03",4,0.148,NA,NA,4,0.148,3,10,6,2,11,0.344,NA,NA,NA
"2025_15_CLE_CHI","202512140chi",2025,15,"REG","CLE","CHI","Shedeur Sanders","SandSh00",0,0,NA,NA,9,0.29,5,9,10,10,25,0.595,NA,NA,NA
"2025_15_BAL_CIN","202512140cin",2025,15,"REG","CIN","BAL","Joe Burrow","BurrJo01",3,0.083,NA,NA,3,0.083,3,2,1,7,11,0.25,NA,NA,NA
"2025_15_BAL_CIN","202512140cin",2025,15,"REG","BAL","CIN","Lamar Jackson","JackLa00",1,0.083,NA,NA,2,0.167,4,4,0,2,6,0.333,NA,NA,NA
"2025_15_ARI_HOU","202512140htx",2025,15,"REG","HOU","ARI","C.J. Stroud","StroCJ00",0,0,NA,NA,1,0.038,1,6,2,1,4,0.125,NA,NA,NA
"2025_15_ARI_HOU","202512140htx",2025,15,"REG","ARI","HOU","Jacoby Brissett","BrisJa00",1,0.026,NA,NA,4,0.105,2,4,2,1,5,0.116,NA,NA,NA
"2025_15_NYJ_JAX","202512140jax",2025,15,"REG","JAX","NYJ","Trevor Lawrence","LawrTr00",2,0.071,NA,NA,3,0.107,0,8,2,2,4,0.111,NA,NA,NA
"2025_15_NYJ_JAX","202512140jax",2025,15,"REG","NYJ","JAX","Brady Cook","CookBr03",1,0.031,NA,NA,6,0.188,3,9,1,4,8,0.195,NA,NA,NA
"2025_15_LAC_KC","202512140kan",2025,15,"REG","KC","LAC","Patrick Mahomes","MahoPa00",2,0.077,NA,NA,4,0.154,5,0,2,4,11,0.314,NA,NA,NA
"2025_15_LAC_KC","202512140kan",2025,15,"REG","KC","LAC","Gardner Minshew II","MinsGa00",0,0,NA,NA,1,0.25,0,2,1,0,1,0.2,NA,NA,NA
"2025_15_LAC_KC","202512140kan",2025,15,"REG","LAC","KC","Justin Herbert","HerbJu00",1,0.037,NA,NA,5,0.185,4,13,1,6,11,0.333,NA,NA,NA
"2025_15_BUF_NE","202512140nwe",2025,15,"REG","NE","BUF","Drake Maye","MayeDr00",1,0.045,NA,NA,5,0.227,3,4,1,2,6,0.207,NA,NA,NA
"2025_15_BUF_NE","202512140nwe",2025,15,"REG","BUF","NE","Josh Allen","AlleJo02",1,0.038,NA,NA,3,0.115,2,7,1,2,5,0.152,NA,NA,NA
"2025_15_WAS_NYG","202512140nyg",2025,15,"REG","NYG","WAS","Jaxson Dart","DartJa00",2,0.059,NA,NA,9,0.265,1,7,1,5,7,0.163,NA,NA,NA
"2025_15_WAS_NYG","202512140nyg",2025,15,"REG","NYG","WAS","Jameis Winston","WinsJa00",0,0,NA,NA,1,1,0,1,0,1,1,1,NA,NA,NA
"2025_15_WAS_NYG","202512140nyg",2025,15,"REG","WAS","NYG","Marcus Mariota","MariMa01",1,0.063,NA,NA,3,0.188,2,10,2,3,7,0.269,NA,NA,NA
"2025_15_LV_PHI","202512140phi",2025,15,"REG","PHI","LV","Jalen Hurts","HurtJa00",1,0.067,NA,NA,2,0.133,1,2,0,0,1,0.056,NA,NA,NA
"2025_15_LV_PHI","202512140phi",2025,15,"REG","PHI","LV","Tanner McKee","McKeTa01",0,0,NA,NA,0,0,0,1,0,0,0,0,NA,NA,NA
"2025_15_LV_PHI","202512140phi",2025,15,"REG","LV","PHI","Kenny Pickett","PickKe00",2,0.08,NA,NA,3,0.12,4,1,0,5,9,0.3,NA,NA,NA
"2025_15_GB_DEN","202512140den",2025,15,"REG","DEN","GB","Bo Nix","NixxBo00",1,0.031,NA,NA,2,0.063,0,7,9,3,12,0.333,NA,NA,NA
"2025_15_GB_DEN","202512140den",2025,15,"REG","GB","DEN","Jordan Love","LoveJo03",5,0.139,NA,NA,3,0.083,3,17,11,11,25,0.543,NA,NA,NA
"2025_15_DET_LA","202512140ram",2025,15,"REG","LA","DET","Matthew Stafford","StafMa00",1,0.026,NA,NA,6,0.158,2,9,1,6,9,0.22,NA,NA,NA
"2025_15_DET_LA","202512140ram",2025,15,"REG","DET","LA","Jared Goff","GoffJa00",2,0.054,NA,NA,8,0.216,1,9,3,7,11,0.262,NA,NA,NA
"2025_15_CAR_NO","202512140nor",2025,15,"REG","NO","CAR","Tyler Shough","ShouTy00",2,0.065,NA,NA,2,0.065,5,13,1,0,6,0.15,NA,NA,NA
"2025_15_CAR_NO","202512140nor",2025,15,"REG","NO","CAR","Spencer Rattler","RattSp00",0,0,NA,NA,0,0,0,1,0,0,0,0,NA,NA,NA
"2025_15_CAR_NO","202512140nor",2025,15,"REG","CAR","NO","Bryce Young","YounBr01",1,0.05,NA,NA,2,0.1,1,4,6,2,9,0.29,NA,NA,NA
"2025_15_IND_SEA","202512140sea",2025,15,"REG","SEA","IND","Sam Darnold","DarnSa00",2,0.061,NA,NA,9,0.273,1,12,1,4,6,0.154,NA,NA,NA
"2025_15_IND_SEA","202512140sea",2025,15,"REG","IND","SEA","Philip Rivers","RivePh00",0,0,NA,NA,4,0.154,1,4,1,3,5,0.179,NA,NA,NA
"2025_15_TEN_SF","202512140sfo",2025,15,"REG","SF","TEN","Brock Purdy","PurdBr00",0,0,NA,NA,3,0.107,2,7,3,4,9,0.243,NA,NA,NA
"2025_15_TEN_SF","202512140sfo",2025,15,"REG","TEN","SF","Cam Ward","WardCa00",1,0.037,NA,NA,6,0.222,0,7,6,3,9,0.31,NA,NA,NA
"2025_15_MIN_DAL","202512140dal",2025,15,"REG","DAL","MIN","Dak Prescott","PresDa01",1,0.029,NA,NA,4,0.118,2,16,0,6,8,0.2,NA,NA,NA
"2025_15_MIN_DAL","202512140dal",2025,15,"REG","MIN","DAL","J.J. McCarthy","McCaJJ00",1,0.042,NA,NA,6,0.25,0,6,0,1,1,0.038,NA,NA,NA
"2025_15_MIA_PIT","202512150pit",2025,15,"REG","PIT","MIA","Aaron Rodgers","RodgAa00",0,0,NA,NA,2,0.074,3,8,1,0,4,0.133,NA,NA,NA
"2025_15_MIA_PIT","202512150pit",2025,15,"REG","MIA","PIT","Tua Tagovailoa","TagoTu00",1,0.038,NA,NA,1,0.038,4,5,7,1,12,0.364,NA,NA,NA
"2025_16_LA_SEA","202512180sea",2025,16,"REG","SEA","LA","Sam Darnold","DarnSa00",1,0.032,NA,NA,5,0.161,4,6,5,2,11,0.275,NA,NA,NA
"2025_16_LA_SEA","202512180sea",2025,16,"REG","LA","SEA","Matthew Stafford","StafMa00",5,0.104,NA,NA,10,0.208,0,9,2,3,5,0.098,NA,NA,NA
"2025_16_PHI_WAS","202512200was",2025,16,"REG","WAS","PHI","Marcus Mariota","MariMa01",0,0,NA,NA,1,0.083,1,2,0,1,2,0.133,NA,NA,NA
"2025_16_PHI_WAS","202512200was",2025,16,"REG","WAS","PHI","Josh Johnson","JohnJo05",0,0,NA,NA,2,0.25,1,0,1,1,3,0.3,NA,NA,NA
"2025_16_PHI_WAS","202512200was",2025,16,"REG","PHI","WAS","Jalen Hurts","HurtJa00",0,0,NA,NA,5,0.172,2,8,2,0,4,0.108,NA,NA,NA
"2025_16_GB_CHI","202512200chi",2025,16,"REG","CHI","GB","Caleb Williams","WillCa03",1,0.034,NA,NA,6,0.207,0,10,12,4,16,0.432,NA,NA,NA
"2025_16_GB_CHI","202512200chi",2025,16,"REG","GB","CHI","Jordan Love","LoveJo03",1,0.077,NA,NA,3,0.231,0,1,0,1,1,0.071,NA,NA,NA
"2025_16_GB_CHI","202512200chi",2025,16,"REG","GB","CHI","Malik Willis","WillMa12",0,0,NA,NA,1,0.091,2,2,0,1,3,0.176,NA,NA,NA
"2025_16_TB_CAR","202512210car",2025,16,"REG","CAR","TB","Bryce Young","YounBr01",0,0,NA,NA,5,0.161,2,13,6,6,14,0.389,NA,NA,NA
"2025_16_TB_CAR","202512210car",2025,16,"REG","TB","CAR","Baker Mayfield","MayfBa00",1,0.04,NA,NA,2,0.08,2,5,1,0,3,0.1,NA,NA,NA
"2025_16_BUF_CLE","202512210cle",2025,16,"REG","CLE","BUF","Shedeur Sanders","SandSh00",1,0.037,NA,NA,2,0.074,2,9,0,7,9,0.257,NA,NA,NA
"2025_16_BUF_CLE","202512210cle",2025,16,"REG","CLE","BUF","Corey Bojorquez","BojoCo00",0,0,NA,NA,0,0,0,1,0,0,0,0,NA,NA,NA
"2025_16_BUF_CLE","202512210cle",2025,16,"REG","BUF","CLE","Josh Allen","AlleJo02",3,0.167,NA,NA,2,0.111,2,8,2,2,6,0.261,NA,NA,NA
"2025_16_LAC_DAL","202512210dal",2025,16,"REG","DAL","LAC","Dak Prescott","PresDa01",1,0.033,NA,NA,5,0.167,1,3,3,2,6,0.182,NA,NA,NA
"2025_16_LAC_DAL","202512210dal",2025,16,"REG","DAL","LAC","Joe Milton","MiltJo00",0,0,NA,NA,0,0,0,0,0,0,0,0,NA,NA,NA
"2025_16_LAC_DAL","202512210dal",2025,16,"REG","LAC","DAL","Justin Herbert","HerbJu00",1,0.036,NA,NA,2,0.071,0,13,8,5,13,0.394,NA,NA,NA
"2025_16_CIN_MIA","202512210mia",2025,16,"REG","MIA","CIN","Quinn Ewers","EwerQu00",1,0.034,NA,NA,2,0.069,0,2,0,4,4,0.129,NA,NA,NA
"2025_16_CIN_MIA","202512210mia",2025,16,"REG","CIN","MIA","Joe Burrow","BurrJo01",1,0.033,NA,NA,2,0.067,2,5,4,2,8,0.229,NA,NA,NA
"2025_16_CIN_MIA","202512210mia",2025,16,"REG","CIN","MIA","Joe Flacco","FlacJo00",0,0,NA,NA,0,0,0,0,0,0,0,0,NA,NA,NA
"2025_16_NYJ_NO","202512210nor",2025,16,"REG","NO","NYJ","Tyler Shough","ShouTy00",1,0.022,NA,NA,11,0.239,3,11,2,2,7,0.13,NA,NA,NA
"2025_16_NYJ_NO","202512210nor",2025,16,"REG","NO","NYJ","Taysom Hill","HillTa00",0,0,NA,NA,0,0,0,0,0,0,0,0,NA,NA,NA
"2025_16_NYJ_NO","202512210nor",2025,16,"REG","NYJ","NO","Brady Cook","CookBr03",1,0.029,NA,NA,6,0.176,8,8,4,1,13,0.295,NA,NA,NA
"2025_16_MIN_NYG","202512210nyg",2025,16,"REG","NYG","MIN","Jaxson Dart","DartJa00",2,0.154,NA,NA,0,0,5,7,0,1,6,0.316,NA,NA,NA
"2025_16_MIN_NYG","202512210nyg",2025,16,"REG","MIN","NYG","J.J. McCarthy","McCaJJ00",2,0.143,NA,NA,0,0,3,5,0,3,6,0.316,NA,NA,NA
"2025_16_MIN_NYG","202512210nyg",2025,16,"REG","MIN","NYG","Max Brosmer","BrosMa00",0,0,NA,NA,2,0.222,1,3,0,2,3,0.3,NA,NA,NA
"2025_16_KC_TEN","202512210oti",2025,16,"REG","TEN","KC","Cam Ward","WardCa00",2,0.074,NA,NA,4,0.148,2,13,1,3,6,0.194,NA,NA,NA
"2025_16_KC_TEN","202512210oti",2025,16,"REG","KC","TEN","Chris Oladokun","OladCh00",0,0,NA,NA,1,0.067,4,3,0,0,4,0.182,NA,NA,NA
"2025_16_KC_TEN","202512210oti",2025,16,"REG","KC","TEN","Gardner Minshew II","MinsGa00",0,0,NA,NA,2,0.286,0,1,0,1,1,0.111,NA,NA,NA
"2025_16_ATL_ARI","202512210crd",2025,16,"REG","ARI","ATL","Jacoby Brissett","BrisJa00",2,0.067,NA,NA,6,0.2,2,8,2,2,6,0.182,NA,NA,NA
"2025_16_ATL_ARI","202512210crd",2025,16,"REG","ATL","ARI","Kirk Cousins","CousKi00",3,0.088,NA,NA,6,0.176,1,11,1,4,6,0.167,NA,NA,NA
"2025_16_JAX_DEN","202512210den",2025,16,"REG","DEN","JAX","Bo Nix","NixxBo00",4,0.089,NA,NA,8,0.178,1,9,7,6,14,0.286,NA,NA,NA
"2025_16_JAX_DEN","202512210den",2025,16,"REG","JAX","DEN","Trevor Lawrence","LawrTr00",3,0.088,NA,NA,3,0.088,5,17,9,9,23,0.535,NA,NA,NA
"2025_16_PIT_DET","202512210det",2025,16,"REG","DET","PIT","Jared Goff","GoffJa00",4,0.077,NA,NA,7,0.135,3,10,3,5,11,0.193,NA,NA,NA
"2025_16_PIT_DET","202512210det",2025,16,"REG","PIT","DET","Aaron Rodgers","RodgAa00",2,0.053,NA,NA,5,0.132,2,2,1,1,4,0.089,NA,NA,NA
"2025_16_LV_HOU","202512210htx",2025,16,"REG","HOU","LV","C.J. Stroud","StroCJ00",0,0,NA,NA,8,0.235,0,10,2,4,6,0.167,NA,NA,NA
"2025_16_LV_HOU","202512210htx",2025,16,"REG","LV","HOU","Geno Smith","SmitGe00",0,0,NA,NA,3,0.136,3,4,4,0,7,0.269,NA,NA,NA
"2025_16_NE_BAL","202512210rav",2025,16,"REG","BAL","NE","Tyler Huntley","HuntTy01",0,0,NA,NA,0,0,1,2,0,2,3,0.25,NA,NA,NA
"2025_16_NE_BAL","202512210rav",2025,16,"REG","BAL","NE","Lamar Jackson","JackLa00",0,0,NA,NA,3,0.3,0,7,1,1,2,0.2,NA,NA,NA
"2025_16_NE_BAL","202512210rav",2025,16,"REG","NE","BAL","Drake Maye","MayeDr00",0,0,NA,NA,5,0.119,3,16,3,7,13,0.26,NA,NA,NA
"2025_16_SF_IND","202512220clt",2025,16,"REG","IND","SF","Philip Rivers","RivePh00",1,0.029,NA,NA,5,0.143,2,5,1,3,6,0.162,NA,NA,NA
"2025_16_SF_IND","202512220clt",2025,16,"REG","IND","SF","Riley Leonard","LeonRi02",1,1,NA,NA,0,0,0,1,0,0,0,0,NA,NA,NA
"2025_16_SF_IND","202512220clt",2025,16,"REG","SF","IND","Brock Purdy","PurdBr00",2,0.061,NA,NA,2,0.061,1,8,2,0,3,0.083,NA,NA,NA
"2025_17_DAL_WAS","202512250was",2025,17,"REG","WAS","DAL","Josh Johnson","JohnJo05",0,0,NA,NA,3,0.143,1,4,1,3,5,0.192,NA,NA,NA
"2025_17_DAL_WAS","202512250was",2025,17,"REG","DAL","WAS","Dak Prescott","PresDa01",1,0.028,NA,NA,8,0.222,6,10,1,3,10,0.222,NA,NA,NA
"2025_17_DET_MIN","202512250min",2025,17,"REG","MIN","DET","Max Brosmer","BrosMa00",0,0,NA,NA,2,0.154,7,3,1,2,10,0.4,NA,NA,NA
"2025_17_DET_MIN","202512250min",2025,17,"REG","DET","MIN","Jared Goff","GoffJa00",1,0.034,NA,NA,4,0.138,5,19,1,3,9,0.265,NA,NA,NA
"2025_17_DEN_KC","202512250kan",2025,17,"REG","KC","DEN","Chris Oladokun","OladCh00",2,0.1,NA,NA,4,0.2,1,6,2,5,8,0.32,NA,NA,NA
"2025_17_DEN_KC","202512250kan",2025,17,"REG","DEN","KC","Bo Nix","NixxBo00",4,0.108,NA,NA,4,0.108,1,7,2,5,8,0.182,NA,NA,NA
"2025_17_HOU_LAC","202512270sdg",2025,17,"REG","LAC","HOU","Justin Herbert","HerbJu00",2,0.065,NA,NA,4,0.129,5,5,9,2,16,0.381,NA,NA,NA
"2025_17_HOU_LAC","202512270sdg",2025,17,"REG","HOU","LAC","C.J. Stroud","StroCJ00",0,0,NA,NA,7,0.269,0,7,10,1,11,0.393,NA,NA,NA
"2025_17_BAL_GB","202512270gnb",2025,17,"REG","GB","BAL","Malik Willis","WillMa12",2,0.095,NA,NA,1,0.048,1,5,0,0,1,0.038,NA,NA,NA
"2025_17_BAL_GB","202512270gnb",2025,17,"REG","GB","BAL","Clayton Tune","TuneCl00",0,0,NA,NA,2,0.5,1,1,0,2,3,0.6,NA,NA,NA
"2025_17_BAL_GB","202512270gnb",2025,17,"REG","BAL","GB","Tyler Huntley","HuntTy01",1,0.05,NA,NA,0,0,1,5,0,3,4,0.167,NA,NA,NA
"2025_17_SEA_CAR","202512280car",2025,17,"REG","CAR","SEA","Bryce Young","YounBr01",2,0.095,NA,NA,3,0.143,2,4,1,2,5,0.161,NA,NA,NA
"2025_17_SEA_CAR","202512280car",2025,17,"REG","SEA","CAR","Sam Darnold","DarnSa00",3,0.115,NA,NA,2,0.077,3,15,2,2,7,0.226,NA,NA,NA
"2025_17_ARI_CIN","202512280cin",2025,17,"REG","CIN","ARI","Joe Burrow","BurrJo01",0,0,NA,NA,1,0.034,3,6,3,1,7,0.2,NA,NA,NA
"2025_17_ARI_CIN","202512280cin",2025,17,"REG","CIN","ARI","Joe Flacco","FlacJo00",0,0,NA,NA,1,0.25,0,1,0,0,0,0,NA,NA,NA
"2025_17_ARI_CIN","202512280cin",2025,17,"REG","ARI","CIN","Jacoby Brissett","BrisJa00",0,0,NA,NA,8,0.229,4,4,4,4,12,0.293,NA,NA,NA
"2025_17_PIT_CLE","202512280cle",2025,17,"REG","CLE","PIT","Shedeur Sanders","SandSh00",0,0,NA,NA,3,0.13,2,8,2,2,6,0.214,NA,NA,NA
"2025_17_PIT_CLE","202512280cle",2025,17,"REG","PIT","CLE","Aaron Rodgers","RodgAa00",1,0.027,NA,NA,11,0.297,2,5,2,3,7,0.167,NA,NA,NA
"2025_17_JAX_IND","202512280clt",2025,17,"REG","IND","JAX","Philip Rivers","RivePh00",1,0.034,NA,NA,4,0.138,2,11,2,3,7,0.219,NA,NA,NA
"2025_17_JAX_IND","202512280clt",2025,17,"REG","IND","JAX","Riley Leonard","LeonRi02",0,0,NA,NA,0,0,0,1,1,0,1,1,NA,NA,NA
"2025_17_JAX_IND","202512280clt",2025,17,"REG","JAX","IND","Trevor Lawrence","LawrTr00",2,0.054,NA,NA,4,0.108,2,20,5,5,12,0.279,NA,NA,NA
"2025_17_TB_MIA","202512280mia",2025,17,"REG","MIA","TB","Quinn Ewers","EwerQu00",0,0,NA,NA,3,0.143,2,5,1,2,5,0.2,NA,NA,NA
"2025_17_TB_MIA","202512280mia",2025,17,"REG","TB","MIA","Baker Mayfield","MayfBa00",0,0,NA,NA,7,0.159,3,7,1,2,6,0.12,NA,NA,NA
"2025_17_NE_NYJ","202512280nyj",2025,17,"REG","NYJ","NE","Brady Cook","CookBr03",1,0.033,NA,NA,8,0.267,1,15,0,4,5,0.147,NA,NA,NA
"2025_17_NE_NYJ","202512280nyj",2025,17,"REG","NYJ","NE","Austin McNamara","McNaAu00",0,0,NA,NA,0,0,0,0,0,0,0,0,NA,NA,NA
"2025_17_NE_NYJ","202512280nyj",2025,17,"REG","NE","NYJ","Drake Maye","MayeDr00",1,0.048,NA,NA,0,0,1,6,0,2,3,0.125,NA,NA,NA
"2025_17_NE_NYJ","202512280nyj",2025,17,"REG","NE","NYJ","Joshua Dobbs","DobbJo00",0,0,NA,NA,1,0.25,0,0,0,0,0,0,NA,NA,NA
"2025_17_NO_TEN","202512280oti",2025,17,"REG","TEN","NO","Cam Ward","WardCa00",1,0.029,NA,NA,6,0.171,4,9,10,3,17,0.37,NA,NA,NA
"2025_17_NO_TEN","202512280oti",2025,17,"REG","NO","TEN","Tyler Shough","ShouTy00",0,0,NA,NA,4,0.148,2,5,3,3,8,0.258,NA,NA,NA
"2025_17_NYG_LV","202512280rai",2025,17,"REG","LV","NYG","Geno Smith","SmitGe00",0,0,NA,NA,3,0.115,3,15,1,5,9,0.281,NA,NA,NA
"2025_17_NYG_LV","202512280rai",2025,17,"REG","LV","NYG","Kenny Pickett","PickKe00",0,0,NA,NA,0,0,1,1,1,0,2,0.667,NA,NA,NA
"2025_17_NYG_LV","202512280rai",2025,17,"REG","NYG","LV","Jaxson Dart","DartJa00",0,0,NA,NA,3,0.103,2,5,2,5,9,0.257,NA,NA,NA
"2025_17_PHI_BUF","202512280buf",2025,17,"REG","BUF","PHI","Josh Allen","AlleJo02",2,0.061,NA,NA,5,0.152,5,7,0,2,7,0.167,NA,NA,NA
"2025_17_PHI_BUF","202512280buf",2025,17,"REG","PHI","BUF","Jalen Hurts","HurtJa00",2,0.087,NA,NA,5,0.217,1,9,4,2,7,0.241,NA,NA,NA
"2025_17_CHI_SF","202512280sfo",2025,17,"REG","SF","CHI","Brock Purdy","PurdBr00",1,0.03,NA,NA,3,0.091,1,9,4,0,5,0.132,NA,NA,NA
"2025_17_CHI_SF","202512280sfo",2025,17,"REG","CHI","SF","Caleb Williams","WillCa03",2,0.051,NA,NA,7,0.179,0,12,7,3,10,0.217,NA,NA,NA
"2025_17_LA_ATL","202512290atl",2025,17,"REG","ATL","LA","Kirk Cousins","CousKi00",0,0,NA,NA,5,0.263,0,2,2,7,9,0.45,NA,NA,NA
"2025_17_LA_ATL","202512290atl",2025,17,"REG","LA","ATL","Matthew Stafford","StafMa00",2,0.056,NA,NA,6,0.167,3,8,5,2,10,0.244,NA,NA,NA
"2025_18_CAR_TB","202601030tam",2025,18,"REG","TB","CAR","Baker Mayfield","MayfBa00",0,0,NA,NA,3,0.136,2,7,5,1,8,0.286,NA,NA,NA
"2025_18_CAR_TB","202601030tam",2025,18,"REG","CAR","TB","Bryce Young","YounBr01",1,0.033,NA,NA,3,0.1,0,13,7,1,8,0.229,NA,NA,NA
"2025_18_SEA_SF","202601030sfo",2025,18,"REG","SF","SEA","Brock Purdy","PurdBr00",0,0,NA,NA,4,0.148,3,6,0,5,8,0.25,NA,NA,NA
"2025_18_SEA_SF","202601030sfo",2025,18,"REG","SEA","SF","Sam Darnold","DarnSa00",0,0,NA,NA,3,0.115,2,5,2,1,5,0.167,NA,NA,NA
"2025_18_NO_ATL","202601040atl",2025,18,"REG","ATL","NO","Kirk Cousins","CousKi00",0,0,NA,NA,5,0.167,4,4,0,4,8,0.216,NA,NA,NA
"2025_18_NO_ATL","202601040atl",2025,18,"REG","NO","ATL","Tyler Shough","ShouTy00",1,0.029,NA,NA,5,0.147,4,9,1,0,5,0.119,NA,NA,NA
"2025_18_CLE_CIN","202601040cin",2025,18,"REG","CIN","CLE","Joe Burrow","BurrJo01",0,0,NA,NA,3,0.079,2,11,1,3,6,0.14,NA,NA,NA
"2025_18_CLE_CIN","202601040cin",2025,18,"REG","CLE","CIN","Shedeur Sanders","SandSh00",0,0,NA,NA,6,0.286,6,5,5,3,14,0.467,NA,NA,NA
"2025_18_IND_HOU","202601040htx",2025,18,"REG","HOU","IND","C.J. Stroud","StroCJ00",0,0,NA,NA,4,0.19,0,11,3,1,4,0.167,NA,NA,NA
"2025_18_IND_HOU","202601040htx",2025,18,"REG","HOU","IND","Davis Mills","MillDa02",3,0.429,NA,NA,1,0.143,0,4,0,0,0,0,NA,NA,NA
"2025_18_IND_HOU","202601040htx",2025,18,"REG","IND","HOU","Riley Leonard","LeonRi02",2,0.063,NA,NA,5,0.156,1,3,1,2,4,0.111,NA,NA,NA
"2025_18_IND_HOU","202601040htx",2025,18,"REG","IND","HOU","Rigoberto Sanchez","SancRi00",0,0,NA,NA,0,0,0,0,0,0,0,0,NA,NA,NA
"2025_18_TEN_JAX","202601040jax",2025,18,"REG","JAX","TEN","Trevor Lawrence","LawrTr00",0,0,NA,NA,4,0.138,2,8,8,0,10,0.294,NA,NA,NA
"2025_18_TEN_JAX","202601040jax",2025,18,"REG","JAX","TEN","Nick Mullens","MullNi00",0,0,NA,NA,0,0,0,0,0,0,0,0,NA,NA,NA
"2025_18_TEN_JAX","202601040jax",2025,18,"REG","TEN","JAX","Brandon Allen","AlleBr00",1,0.033,NA,NA,9,0.3,1,7,4,4,9,0.29,NA,NA,NA
"2025_18_TEN_JAX","202601040jax",2025,18,"REG","TEN","JAX","Cam Ward","WardCa00",0,0,NA,NA,0,0,0,1,1,0,1,0.25,NA,NA,NA
"2025_18_GB_MIN","202601040min",2025,18,"REG","MIN","GB","J.J. McCarthy","McCaJJ00",0,0,NA,NA,6,0.273,0,6,0,5,5,0.208,NA,NA,NA
"2025_18_GB_MIN","202601040min",2025,18,"REG","MIN","GB","Max Brosmer","BrosMa00",0,0,NA,NA,1,0.125,2,3,1,0,3,0.3,NA,NA,NA
"2025_18_GB_MIN","202601040min",2025,18,"REG","GB","MIN","Clayton Tune","TuneCl00",1,0.1,NA,NA,0,0,4,8,0,1,5,0.294,NA,NA,NA
"2025_18_DAL_NYG","202601040nyg",2025,18,"REG","NYG","DAL","Jaxson Dart","DartJa00",0,0,NA,NA,7,0.226,4,7,5,5,14,0.359,NA,NA,NA
"2025_18_DAL_NYG","202601040nyg",2025,18,"REG","NYG","DAL","Gunner Olszewski","OlszGu00",0,0,NA,NA,1,1,0,0,0,0,0,0,NA,NA,NA
"2025_18_DAL_NYG","202601040nyg",2025,18,"REG","DAL","NYG","Joe Milton","MiltJo00",0,0,NA,NA,4,0.333,0,4,4,1,5,0.357,NA,NA,NA
"2025_18_DAL_NYG","202601040nyg",2025,18,"REG","DAL","NYG","Dak Prescott","PresDa01",1,0.091,NA,NA,1,0.091,0,2,3,1,4,0.364,NA,NA,NA
"2025_18_NYJ_BUF","202601040buf",2025,18,"REG","BUF","NYJ","Mitchell Trubisky","TrubMi00",1,0.036,NA,NA,3,0.107,0,5,0,0,0,0,NA,NA,NA
"2025_18_NYJ_BUF","202601040buf",2025,18,"REG","NYJ","BUF","Brady Cook","CookBr03",1,0.045,NA,NA,8,0.364,1,5,0,3,4,0.167,NA,NA,NA
"2025_18_DET_CHI","202601040chi",2025,18,"REG","CHI","DET","Caleb Williams","WillCa03",3,0.103,NA,NA,1,0.034,1,10,7,3,11,0.314,NA,NA,NA
"2025_18_DET_CHI","202601040chi",2025,18,"REG","DET","CHI","Jared Goff","GoffJa00",2,0.056,NA,NA,2,0.056,2,11,9,3,14,0.318,NA,NA,NA
"2025_18_LAC_DEN","202601040den",2025,18,"REG","DEN","LAC","Bo Nix","NixxBo00",1,0.043,NA,NA,6,0.261,4,9,5,2,11,0.344,NA,NA,NA
"2025_18_LAC_DEN","202601040den",2025,18,"REG","LAC","DEN","Trey Lance","LancTr00",0,0,NA,NA,11,0.289,4,13,2,3,9,0.17,NA,NA,NA
"2025_18_ARI_LA","202601040ram",2025,18,"REG","LA","ARI","Matthew Stafford","StafMa00",5,0.139,NA,NA,3,0.083,1,8,6,3,10,0.238,NA,NA,NA
"2025_18_ARI_LA","202601040ram",2025,18,"REG","ARI","LA","Jacoby Brissett","BrisJa00",1,0.037,NA,NA,1,0.037,6,2,6,6,18,0.462,NA,NA,NA
"2025_18_ARI_LA","202601040ram",2025,18,"REG","ARI","LA","Matt Haack","HaacMa00",0,0,NA,NA,0,0,0,0,0,0,0,0,NA,NA,NA
"2025_18_KC_LV","202601040rai",2025,18,"REG","LV","KC","Aidan O'Connell","OConAi00",2,0.095,NA,NA,7,0.333,1,6,0,2,3,0.125,NA,NA,NA
"2025_18_KC_LV","202601040rai",2025,18,"REG","LV","KC","Kenny Pickett","PickKe00",0,0,NA,NA,1,0.25,2,1,0,0,2,0.286,NA,NA,NA
"2025_18_KC_LV","202601040rai",2025,18,"REG","KC","LV","Chris Oladokun","OladCh00",1,0.059,NA,NA,2,0.118,3,4,0,2,5,0.25,NA,NA,NA
"2025_18_KC_LV","202601040rai",2025,18,"REG","KC","LV","Shane Buechele","BuecSh00",0,0,NA,NA,4,0.308,5,2,0,3,8,0.4,NA,NA,NA
"2025_18_MIA_NE","202601040nwe",2025,18,"REG","NE","MIA","Drake Maye","MayeDr00",0,0,NA,NA,1,0.063,0,9,2,3,5,0.217,NA,NA,NA
"2025_18_MIA_NE","202601040nwe",2025,18,"REG","NE","MIA","Joshua Dobbs","DobbJo00",0,0,NA,NA,1,0.25,0,4,0,0,0,0,NA,NA,NA
"2025_18_MIA_NE","202601040nwe",2025,18,"REG","MIA","NE","Quinn Ewers","EwerQu00",0,0,NA,NA,4,0.174,4,11,3,3,10,0.357,NA,NA,NA
"2025_18_MIA_NE","202601040nwe",2025,18,"REG","MIA","NE","Zach Wilson","WilsZa00",0,0,NA,NA,1,1,0,2,0,2,2,1,NA,NA,NA
"2025_18_WAS_PHI","202601040phi",2025,18,"REG","PHI","WAS","Tanner McKee","McKeTa01",2,0.057,NA,NA,10,0.286,3,11,5,3,11,0.244,NA,NA,NA
"2025_18_WAS_PHI","202601040phi",2025,18,"REG","WAS","PHI","Josh Johnson","JohnJo05",0,0,NA,NA,4,0.2,0,2,0,4,4,0.143,NA,NA,NA
"2025_18_BAL_PIT","202601040pit",2025,18,"REG","PIT","BAL","Aaron Rodgers","RodgAa00",0,0,NA,NA,8,0.182,2,10,2,1,5,0.1,NA,NA,NA
"2025_18_BAL_PIT","202601040pit",2025,18,"REG","BAL","PIT","Lamar Jackson","JackLa00",0,0,NA,NA,3,0.176,3,7,2,2,7,0.333,NA,NA,NA
