"game_id","home_team","away_team","home_score","away_score","home_rush","home_pass","away_rush","away_pass","result","rush_edge","pass_edge"
"2025_01_ARI_NO","NO","ARI",13,20,107,208,146,130,-1,-1,1
"2025_01_BAL_BUF","BUF","BAL",41,40,108,389,238,194,1,-1,1
"2025_01_CAR_JAX","JAX","CAR",26,10,200,178,113,142,1,1,1
"2025_01_CIN_CLE","CLE","CIN",16,17,49,278,46,95,-1,1,1
"2025_01_DAL_PHI","PHI","DAL",24,20,158,144,119,188,1,1,-1
"2025_01_DET_GB","GB","DET",27,13,78,188,46,200,1,1,-1
"2025_01_HOU_LA","LA","HOU",14,9,72,224,114,151,1,-1,1
"2025_01_KC_LAC","LAC","KC",27,21,90,304,98,249,1,-1,1
"2025_01_LV_NE","NE","LV",13,20,60,276,56,333,-1,1,-1
"2025_01_MIA_IND","IND","MIA",33,8,156,262,78,135,1,1,1
"2025_01_MIN_CHI","CHI","MIN",24,27,119,198,120,136,-1,-1,1
"2025_01_NYG_WAS","WAS","NYG",21,6,220,212,74,157,1,1,1
"2025_01_PIT_NYJ","NYJ","PIT",32,34,182,212,53,218,-1,1,-1
"2025_01_SF_SEA","SEA","SF",13,17,84,146,119,265,-1,-1,-1
"2025_01_TB_ATL","ATL","TB",20,23,69,289,101,159,-1,-1,1
"2025_01_TEN_DEN","DEN","TEN",20,12,151,166,71,62,1,1,1
"2025_02_ATL_MIN","MIN","ATL",6,22,78,120,218,108,-1,-1,1
"2025_02_BUF_NYJ","NYJ","BUF",10,30,100,54,224,179,-1,-1,-1
"2025_02_CAR_ARI","ARI","CAR",27,22,82,211,49,303,1,1,-1
"2025_02_CHI_DET","DET","CHI",52,21,177,334,134,205,1,1,1
"2025_02_CLE_BAL","BAL","CLE",41,17,45,197,115,207,1,-1,-1
"2025_02_DEN_IND","IND","DEN",29,28,167,306,118,206,1,1,1
"2025_02_JAX_CIN","CIN","JAX",31,27,48,302,139,261,1,-1,1
"2025_02_LAC_LV","LV","LAC",9,20,68,150,81,236,-1,-1,-1
"2025_02_LA_TEN","TEN","LA",19,33,109,143,149,290,-1,-1,-1
"2025_02_NE_MIA","MIA","NE",27,33,61,297,122,211,-1,-1,1
"2025_02_NYG_DAL","DAL","NYG",40,37,135,343,84,422,1,1,-1
"2025_02_PHI_KC","KC","PHI",17,20,121,173,122,94,-1,-1,1
"2025_02_SEA_PIT","PIT","SEA",17,31,72,197,117,278,-1,-1,-1
"2025_02_SF_NO","NO","SF",21,26,121,186,77,267,-1,1,-1
"2025_02_TB_HOU","HOU","TB",19,20,84,182,169,191,-1,-1,-1
"2025_02_WAS_GB","GB","WAS",27,18,135,269,51,181,1,1,1
"2025_03_ARI_SF","SF","ARI",16,15,73,282,106,154,1,-1,1
"2025_03_ATL_CAR","CAR","ATL",30,0,110,114,131,201,1,-1,-1
"2025_03_CIN_MIN","MIN","CIN",48,10,169,183,53,118,1,1,1
"2025_03_DAL_CHI","CHI","DAL",31,14,87,298,121,277,1,-1,1
"2025_03_DEN_LAC","LAC","DEN",23,20,106,270,118,147,1,-1,1
"2025_03_DET_BAL","BAL","DET",30,38,85,233,224,202,-1,-1,1
"2025_03_GB_CLE","CLE","GB",13,10,96,125,81,149,1,1,-1
"2025_03_HOU_JAX","JAX","HOU",17,10,86,205,87,184,1,-1,1
"2025_03_IND_TEN","TEN","IND",20,41,86,196,137,228,-1,-1,-1
"2025_03_KC_NYG","NYG","KC",9,22,130,151,105,201,-1,1,-1
"2025_03_LA_PHI","PHI","LA",33,26,86,202,160,196,1,-1,1
"2025_03_LV_WAS","WAS","LV",41,24,201,199,93,263,1,1,-1
"2025_03_MIA_BUF","BUF","MIA",31,21,157,203,130,146,1,1,1
"2025_03_NO_SEA","SEA","NO",44,13,87,233,79,205,1,1,1
"2025_03_NYJ_TB","TB","NYJ",29,27,122,225,99,168,1,1,1
"2025_03_PIT_NE","NE","PIT",14,21,119,250,64,139,-1,1,1
"2025_04_BAL_KC","KC","BAL",37,20,118,264,166,194,1,-1,1
"2025_04_CAR_NE","NE","CAR",42,13,104,203,129,197,1,-1,1
"2025_04_CHI_LV","LV","CHI",24,25,240,117,69,202,-1,1,-1
"2025_04_CIN_DEN","DEN","CIN",28,3,186,326,53,106,1,1,1
"2025_04_CLE_DET","DET","CLE",34,10,109,168,79,170,1,1,-1
"2025_04_GB_DAL","DAL","GB",40,40,117,319,164,325,0,-1,-1
"2025_04_IND_LA","LA","IND",27,20,102,360,85,248,1,1,1
"2025_04_JAX_SF","SF","JAX",21,26,83,308,151,174,-1,-1,1
"2025_04_LAC_NYG","NYG","LAC",21,18,161,89,152,186,1,1,-1
"2025_04_MIN_PIT","PIT","MIN",24,21,131,182,70,304,1,1,-1
"2025_04_NO_BUF","BUF","NO",31,19,165,191,189,109,1,-1,1
"2025_04_NYJ_MIA","MIA","NYJ",27,21,123,177,197,190,1,-1,-1
"2025_04_PHI_TB","TB","PHI",25,31,104,272,88,112,-1,1,1
"2025_04_SEA_ARI","ARI","SEA",20,23,89,164,155,229,-1,-1,-1
"2025_04_TEN_HOU","HOU","TEN",26,0,129,224,82,93,1,1,1
"2025_04_WAS_ATL","ATL","WAS",34,27,128,307,147,149,1,-1,1
"2025_05_DAL_NYJ","NYJ","DAL",22,37,144,238,180,236,-1,-1,1
"2025_05_DEN_PHI","PHI","DEN",17,21,45,257,130,230,-1,-1,1
"2025_05_DET_CIN","CIN","DET",24,37,85,237,118,247,-1,-1,-1
"2025_05_HOU_BAL","BAL","HOU",10,44,44,163,167,250,-1,-1,-1
"2025_05_KC_JAX","JAX","KC",31,28,109,210,158,318,1,-1,-1
"2025_05_LV_IND","IND","LV",40,6,96,221,106,190,1,-1,1
"2025_05_MIA_CAR","CAR","MIA",27,24,239,179,19,229,1,1,-1
"2025_05_MIN_CLE","CLE","MIN",17,21,140,182,97,252,-1,1,-1
"2025_05_NE_BUF","BUF","NE",20,23,118,245,71,267,-1,1,-1
"2025_05_NYG_NO","NO","NYG",26,14,88,244,136,199,1,-1,1
"2025_05_SF_LA","LA","SF",23,26,78,378,74,333,-1,1,1
"2025_05_TB_SEA","SEA","TB",35,38,122,341,56,372,-1,1,-1
"2025_05_TEN_ARI","ARI","TEN",21,22,168,192,78,249,-1,1,-1
"2025_05_WAS_LAC","LAC","WAS",10,27,155,181,163,226,-1,-1,-1
"2025_06_ARI_IND","IND","ARI",31,27,150,205,88,312,1,1,-1
"2025_06_BUF_ATL","ATL","BUF",24,14,210,233,134,157,1,1,1
"2025_06_CHI_WAS","WAS","CHI",24,25,124,205,150,236,-1,-1,-1
"2025_06_CIN_GB","GB","CIN",27,18,153,256,55,215,1,1,1
"2025_06_CLE_PIT","PIT","CLE",23,9,100,235,65,183,1,1,1
"2025_06_DAL_CAR","CAR","DAL",30,27,216,194,31,261,1,1,-1
"2025_06_DEN_NYJ","NYJ","DEN",11,13,92,-10,78,168,-1,1,-1
"2025_06_DET_KC","KC","DET",30,17,112,243,98,199,1,1,1
"2025_06_LAC_MIA","MIA","LAC",27,29,137,204,140,263,-1,-1,-1
"2025_06_LA_BAL","BAL","LA",3,17,179,117,74,167,-1,1,-1
"2025_06_NE_NO","NO","NE",19,25,73,223,73,260,-1,0,-1
"2025_06_PHI_NYG","NYG","PHI",34,17,172,194,73,266,1,1,-1
"2025_06_SEA_JAX","JAX","SEA",12,20,59,214,60,286,-1,-1,-1
"2025_06_SF_TB","TB","SF",30,19,104,248,67,296,1,1,-1
"2025_06_TEN_LV","LV","TEN",20,10,68,158,65,160,1,1,-1
"2025_07_ATL_SF","SF","ATL",20,10,174,150,62,230,1,1,-1
"2025_07_CAR_NYJ","NYJ","CAR",6,13,81,139,125,177,-1,-1,-1
"2025_07_GB_ARI","ARI","GB",23,27,94,236,94,168,-1,0,1
"2025_07_HOU_SEA","SEA","HOU",27,19,118,198,56,198,1,1,0
"2025_07_IND_LAC","LAC","IND",24,38,54,391,117,283,-1,-1,1
"2025_07_LA_JAX","JAX","LA",7,35,94,264,89,182,-1,1,1
"2025_07_LV_KC","KC","LV",31,0,152,282,25,70,1,1,1
"2025_07_MIA_CLE","CLE","MIA",31,6,104,102,99,120,1,1,-1
"2025_07_NE_TEN","TEN","NE",13,31,39,216,175,212,-1,-1,1
"2025_07_NO_CHI","CHI","NO",26,14,222,164,44,209,1,1,-1
"2025_07_NYG_DEN","DEN","NYG",33,32,142,269,119,268,1,1,1
"2025_07_PHI_MIN","MIN","PHI",22,28,89,298,45,316,-1,1,-1
"2025_07_PIT_CIN","CIN","PIT",33,31,142,328,147,249,1,-1,1
"2025_07_TB_DET","DET","TB",24,9,164,215,41,210,1,1,1
"2025_07_WAS_DAL","DAL","WAS",44,22,152,257,136,205,1,1,1
"2025_08_BUF_CAR","CAR","BUF",9,40,114,130,245,165,-1,-1,-1
"2025_08_CHI_BAL","BAL","CHI",30,16,177,178,96,276,1,1,-1
"2025_08_CLE_NE","NE","CLE",32,13,177,245,68,145,1,1,1
"2025_08_DAL_DEN","DEN","DAL",44,24,179,247,108,231,1,1,1
"2025_08_GB_PIT","PIT","GB",25,35,93,202,94,362,-1,-1,-1
"2025_08_MIA_ATL","ATL","MIA",10,34,45,168,141,197,-1,-1,-1
"2025_08_MIN_LAC","LAC","MIN",37,10,207,212,34,130,1,1,1
"2025_08_NYG_PHI","PHI","NYG",38,20,276,151,68,178,1,1,-1
"2025_08_NYJ_CIN","CIN","NYJ",38,39,181,217,254,250,-1,-1,-1
"2025_08_SF_HOU","HOU","SF",26,15,157,318,48,177,1,1,1
"2025_08_TB_NO","NO","TB",3,23,48,227,88,124,-1,-1,1
"2025_08_TEN_IND","IND","TEN",38,14,164,256,113,228,1,1,1
"2025_08_WAS_KC","KC","WAS",28,7,148,284,60,200,1,1,1
"2025_09_ARI_DAL","DAL","ARI",17,27,123,210,119,221,-1,1,-1
"2025_09_ATL_NE","NE","ATL",24,23,110,221,71,217,1,1,1
"2025_09_BAL_MIA","MIA","BAL",6,28,87,245,150,188,-1,-1,1
"2025_09_CAR_GB","GB","CAR",13,16,104,265,163,102,-1,-1,1
"2025_09_CHI_CIN","CIN","CHI",42,47,46,451,283,293,-1,-1,1
"2025_09_DEN_HOU","HOU","DEN",15,18,77,191,100,173,-1,-1,1
"2025_09_IND_PIT","PIT","IND",27,20,38,187,55,313,1,-1,-1
"2025_09_JAX_LV","LV","JAX",29,30,57,274,151,216,-1,-1,1
"2025_09_KC_BUF","BUF","KC",28,21,141,263,79,228,1,1,1
"2025_09_LAC_TEN","TEN","LAC",20,27,88,118,131,212,-1,-1,-1
"2025_09_MIN_DET","DET","MIN",24,27,65,240,142,116,-1,-1,1
"2025_09_NO_LA","LA","NO",34,10,171,267,57,167,1,1,1
"2025_09_SEA_WAS","WAS","SEA",14,38,157,133,88,330,-1,1,-1
"2025_09_SF_NYG","NYG","SF",24,34,117,179,159,221,-1,-1,-1
"2025_10_ARI_SEA","SEA","ARI",44,22,198,174,129,208,1,1,-1
"2025_10_ATL_IND","IND","ATL",31,25,323,196,140,152,1,1,1
"2025_10_BAL_MIN","MIN","BAL",19,27,120,245,152,171,-1,-1,1
"2025_10_BUF_MIA","MIA","BUF",30,13,197,173,87,289,1,1,-1
"2025_10_CLE_NYJ","NYJ","CLE",27,20,127,42,158,120,1,-1,-1
"2025_10_DET_WAS","WAS","DET",22,44,93,195,226,320,-1,-1,-1
"2025_10_JAX_HOU","HOU","JAX",36,29,130,284,94,119,1,1,1
"2025_10_LA_SF","SF","LA",26,42,74,319,126,275,-1,-1,1
"2025_10_LV_DEN","DEN","LV",10,7,84,136,74,114,1,1,1
"2025_10_NE_TB","TB","NE",23,28,113,258,166,269,-1,-1,-1
"2025_10_NO_CAR","CAR","NO",7,17,73,102,122,266,-1,-1,-1
"2025_10_NYG_CHI","CHI","NYG",24,20,171,220,169,262,1,1,-1
"2025_10_PHI_GB","GB","PHI",7,10,104,157,111,183,-1,-1,-1
"2025_10_PIT_LAC","LAC","PIT",25,10,115,199,73,148,1,1,1
"2025_11_BAL_CLE","CLE","BAL",16,23,106,81,184,167,-1,-1,-1
"2025_11_CAR_ATL","ATL","CAR",27,30,125,223,67,421,-1,1,-1
"2025_11_CHI_MIN","MIN","CHI",17,19,115,150,140,180,-1,-1,-1
"2025_11_CIN_PIT","PIT","CIN",34,12,111,232,105,192,1,1,1
"2025_11_DAL_LV","LV","DAL",16,33,27,209,114,267,-1,-1,-1
"2025_11_DET_PHI","PHI","DET",16,9,148,124,74,243,1,1,-1
"2025_11_GB_NYG","NYG","GB",20,27,142,194,128,170,-1,1,1
"2025_11_HOU_TEN","TEN","HOU",13,16,58,171,75,240,-1,-1,-1
"2025_11_KC_DEN","DEN","KC",22,19,59,283,62,249,1,-1,1
"2025_11_LAC_JAX","JAX","LAC",35,6,192,153,42,93,1,1,1
"2025_11_NYJ_NE","NE","NYJ",27,14,65,271,140,105,1,-1,1
"2025_11_SEA_LA","LA","SEA",21,19,119,130,135,279,1,-1,-1
"2025_11_SF_ARI","ARI","SF",22,41,36,452,95,186,-1,-1,1
"2025_11_TB_BUF","BUF","TB",44,32,97,317,202,165,1,-1,1
"2025_11_WAS_MIA","MIA","WAS",16,13,169,142,172,207,1,-1,-1
"2025_12_ATL_NO","NO","ATL",10,24,79,214,121,181,-1,-1,1
"2025_12_BUF_HOU","HOU","BUF",23,19,108,153,143,183,1,-1,-1
"2025_12_CAR_SF","SF","CAR",20,9,147,193,69,161,1,1,1
"2025_12_CLE_LV","LV","CLE",10,24,60,208,64,206,-1,-1,1
"2025_12_IND_KC","KC","IND",23,20,148,348,74,181,1,1,1
"2025_12_JAX_ARI","ARI","JAX",24,27,55,271,134,237,-1,-1,1
"2025_12_MIN_GB","GB","MIN",23,6,146,142,93,52,1,1,1
"2025_12_NE_CIN","CIN","NE",20,26,120,187,107,285,-1,1,-1
"2025_12_NYG_DET","DET","NYG",34,27,237,257,122,395,1,1,-1
"2025_12_NYJ_BAL","BAL","NYJ",23,10,98,143,78,204,1,1,-1
"2025_12_PHI_DAL","DAL","PHI",24,21,125,348,63,276,1,1,1
"2025_12_PIT_CHI","CHI","PIT",31,28,99,229,186,159,1,-1,1
"2025_12_SEA_TEN","TEN","SEA",24,30,64,232,114,239,-1,-1,-1
"2025_12_TB_LA","LA","TB",34,7,70,263,123,70,1,-1,1
"2025_13_ARI_TB","TB","ARI",20,17,95,184,95,291,1,0,-1
"2025_13_ATL_NYJ","NYJ","ATL",27,24,110,159,167,222,1,-1,-1
"2025_13_BUF_PIT","PIT","BUF",7,26,58,108,249,123,-1,-1,-1
"2025_13_CHI_PHI","PHI","CHI",15,24,87,230,281,144,-1,-1,1
"2025_13_CIN_BAL","BAL","CIN",14,32,123,223,128,254,-1,-1,-1
"2025_13_DEN_WAS","WAS","DEN",26,27,143,276,87,315,-1,1,-1
"2025_13_GB_DET","DET","GB",24,31,119,233,125,234,-1,-1,-1
"2025_13_HOU_IND","IND","HOU",16,20,86,195,108,256,-1,-1,-1
"2025_13_JAX_TEN","TEN","JAX",3,25,67,121,70,202,-1,-1,-1
"2025_13_KC_DAL","DAL","KC",31,28,137,322,119,243,1,1,1
"2025_13_LA_CAR","CAR","LA",31,28,164,194,152,227,1,1,-1
"2025_13_LV_LAC","LAC","LV",31,14,192,149,31,125,1,1,1
"2025_13_MIN_SEA","SEA","MIN",26,0,125,94,66,96,1,1,-1
"2025_13_NO_MIA","MIA","NO",21,17,164,134,81,213,1,1,-1
"2025_13_NYG_NE","NE","NYG",33,15,119,276,111,130,1,1,1
"2025_13_SF_CLE","CLE","SF",8,26,138,115,91,161,-1,1,-1
"2025_14_CHI_GB","GB","CHI",28,21,117,220,138,177,1,-1,1
"2025_14_CIN_BUF","BUF","CIN",39,34,183,235,62,276,1,1,-1
"2025_14_DAL_DET","DET","DAL",44,30,109,299,91,328,1,1,-1
"2025_14_DEN_LV","LV","DEN",17,24,40,189,152,204,-1,-1,-1
"2025_14_HOU_KC","KC","HOU",10,20,126,148,82,186,-1,1,-1
"2025_14_IND_JAX","JAX","IND",36,19,103,247,89,196,1,1,1
"2025_14_LA_ARI","ARI","LA",17,45,51,263,249,281,-1,-1,-1
"2025_14_MIA_NYJ","NYJ","MIA",10,34,65,142,239,119,-1,-1,1
"2025_14_NO_TB","TB","NO",20,24,179,122,139,121,-1,1,1
"2025_14_PHI_LAC","LAC","PHI",22,19,169,106,134,231,1,1,-1
"2025_14_PIT_BAL","BAL","PIT",22,27,217,203,34,284,-1,1,-1
"2025_14_SEA_ATL","ATL","SEA",9,37,120,154,129,236,-1,-1,-1
"2025_14_TEN_CLE","CLE","TEN",29,31,61,351,184,108,-1,-1,1
"2025_14_WAS_MIN","MIN","WAS",31,0,162,151,107,99,1,1,1
"2025_15_ARI_HOU","HOU","ARI",40,20,143,256,72,235,1,1,1
"2025_15_ATL_TB","TB","ATL",28,29,88,252,111,365,-1,-1,-1
"2025_15_BAL_CIN","CIN","BAL",0,24,100,198,189,128,-1,-1,1
"2025_15_BUF_NE","NE","BUF",31,35,246,139,168,181,-1,1,-1
"2025_15_CAR_NO","NO","CAR",20,17,81,256,127,154,1,-1,1
"2025_15_CLE_CHI","CHI","CLE",31,3,142,219,50,142,1,1,1
"2025_15_DET_LA","LA","DET",41,34,159,360,70,326,1,1,1
"2025_15_GB_DEN","DEN","GB",34,26,89,302,115,247,1,-1,1
"2025_15_IND_SEA","SEA","IND",18,16,50,264,102,118,1,-1,1
"2025_15_LAC_KC","KC","LAC",13,16,49,190,94,201,-1,-1,-1
"2025_15_LV_PHI","PHI","LV",31,0,183,204,46,29,1,1,1
"2025_15_MIA_PIT","PIT","MIA",28,15,135,201,63,222,1,1,-1
"2025_15_MIN_DAL","DAL","MIN",26,34,138,285,77,250,-1,1,1
"2025_15_NYJ_JAX","JAX","NYJ",48,20,108,330,130,154,1,-1,1
"2025_15_TEN_SF","SF","TEN",37,24,138,292,136,170,1,1,1
"2025_15_WAS_NYG","NYG","WAS",21,29,146,238,145,195,-1,1,1
"2025_16_ATL_ARI","ARI","ATL",19,26,132,188,152,190,-1,-1,-1
"2025_16_BUF_CLE","CLE","BUF",20,23,160,134,164,95,-1,-1,1
"2025_16_CIN_MIA","MIA","CIN",21,45,129,260,105,302,-1,1,-1
"2025_16_GB_CHI","CHI","GB",22,16,150,250,192,192,1,-1,1
"2025_16_JAX_DEN","DEN","JAX",20,34,101,344,81,265,-1,1,1
"2025_16_KC_TEN","TEN","KC",26,9,164,212,51,82,1,1,1
"2025_16_LAC_DAL","DAL","LAC",17,34,91,249,152,300,-1,-1,-1
"2025_16_LA_SEA","SEA","LA",38,37,171,248,124,457,1,1,-1
"2025_16_LV_HOU","HOU","LV",23,21,83,187,145,170,1,-1,1
"2025_16_MIN_NYG","NYG","MIN",13,16,128,13,114,126,-1,1,-1
"2025_16_NE_BAL","BAL","NE",24,28,171,159,79,376,-1,1,-1
"2025_16_NYJ_NO","NO","NYJ",29,6,84,328,64,131,1,1,1
"2025_16_PHI_WAS","WAS","PHI",18,29,90,130,207,178,-1,-1,-1
"2025_16_PIT_DET","DET","PIT",24,29,15,346,230,251,-1,-1,1
"2025_16_SF_IND","IND","SF",27,48,58,254,145,295,-1,-1,-1
"2025_16_TB_CAR","CAR","TB",23,20,101,174,169,127,1,-1,1
"2025_17_ARI_CIN","CIN","ARI",37,14,120,309,42,191,1,1,1
"2025_17_BAL_GB","GB","BAL",24,41,79,284,307,107,-1,-1,1
"2025_17_CHI_SF","SF","CHI",42,38,200,296,110,330,1,1,-1
"2025_17_DAL_WAS","WAS","DAL",23,30,138,190,211,269,-1,-1,-1
"2025_17_DEN_KC","KC","DEN",13,20,82,57,128,175,-1,-1,-1
"2025_17_DET_MIN","MIN","DET",23,10,158,3,68,163,1,1,-1
"2025_17_HOU_LAC","LAC","HOU",16,20,74,201,118,244,-1,-1,-1
"2025_17_JAX_IND","IND","JAX",17,23,69,135,121,249,-1,-1,-1
"2025_17_LA_ATL","ATL","LA",27,24,219,126,115,248,1,1,-1
"2025_17_NE_NYJ","NYJ","NE",10,42,164,143,155,285,-1,1,-1
"2025_17_NO_TEN","TEN","NO",26,34,108,228,103,320,-1,1,-1
"2025_17_NYG_LV","LV","NYG",10,34,63,168,155,188,-1,-1,-1
"2025_17_PHI_BUF","BUF","PHI",12,13,120,211,82,108,-1,1,1
"2025_17_PIT_CLE","CLE","PIT",13,6,78,184,131,160,1,-1,1
"2025_17_SEA_CAR","CAR","SEA",10,27,99,40,163,125,-1,-1,-1
"2025_17_TB_MIA","MIA","TB",20,17,145,153,53,327,1,1,-1
"2025_18_ARI_LA","LA","ARI",37,20,143,252,79,238,1,1,1
"2025_18_BAL_PIT","PIT","BAL",26,24,100,290,137,222,1,-1,1
"2025_18_CAR_TB","TB","CAR",16,14,140,198,19,266,1,1,-1
"2025_18_CLE_CIN","CIN","CLE",18,20,142,222,118,82,-1,1,1
"2025_18_DAL_NYG","NYG","DAL",34,17,161,221,143,143,1,1,1
"2025_18_DET_CHI","CHI","DET",16,19,65,207,122,311,-1,-1,-1
"2025_18_GB_MIN","MIN","GB",16,3,137,226,128,-7,1,1,1
"2025_18_IND_HOU","HOU","IND",38,30,134,205,76,278,1,1,-1
"2025_18_KC_LV","LV","KC",14,12,118,86,84,84,1,1,1
"2025_18_LAC_DEN","DEN","LAC",19,3,116,124,113,104,1,1,1
"2025_18_MIA_NE","NE","MIA",38,10,243,214,63,117,1,1,1
"2025_18_NO_ATL","ATL","NO",19,17,49,159,108,232,1,-1,-1
"2025_18_NYJ_BUF","BUF","NYJ",35,8,211,261,69,55,1,1,1
"2025_18_SEA_SF","SF","SEA",3,13,53,120,180,181,-1,-1,-1
"2025_18_TEN_JAX","JAX","TEN",41,7,64,255,77,117,1,-1,1
"2025_18_WAS_PHI","PHI","WAS",17,24,80,227,143,131,-1,-1,1
